Book ID,Title,Sort Character,Primary Author,Primary Author Role,Secondary Author,Secondary Author Role,Publication,Date,Review,Rating,Comment,Private Comment,Summary,Media,Physical Description,Weight,Height,Thickness,Length,Dimensions,Page Count,LCCN,Acquired,Date Started,Date Read,Barcode,BCID,Tags,Collections,Languages,Original Languages,LC Classification,ISBN,ISBNs,Subjects,Dewey Decimal,Dewey Wording,Other Call Number,Copies,Source,Entry Date,From Where,OCLC,Work id,Lending Patron,Lending Status,Lending Start,Lending End,List Price,Purchase Price,Value,Condition,ISSN
312444270,Knowledge Encyclopedia Science!,1,"DK,",Author,,,"DK Children (2018), 208 pages",2018,,,,,"Knowledge Encyclopedia Science! by DK, (2018)",Hardcover,,,,,,,,,,,,,,"science, physics, chemistry, educational, reference, space, energy, biology, matter, engineering, solar system, children, nature, technology, earth",,English,English,Q163 .B38,[1465473637],"[1465473637, 9781465473639]",,503,"Dictionaries, encyclopedias, concordances > Natural sciences & mathematics > Science",,1,amazon.com,2026-04-26,,,22378773,,,,,$24.99 (USD),,,,
312444273,The Greatest Children’s Stories,5,"Agarwal, Stuti",Author,Shalini Soni Mazumdar,Author,"Juggernaut Publication (2021), 200 pages",2021,,,,,The Greatest Children’s Stories by Stuti Agarwal (2021),Paperback,,,,,,,,,,,,,,"children's literature, children's, children's fiction, children, children's books, children's classics",,English,English,,[935345154X],"[935345154X, 9789353451547]",,,,,1,amazon.com books,2026-04-26,,,34485991,,,,,,,,,
312444274,Tinkle Present: The Adventures of Shikari Shambu,1,"Fernandes, Luis",Author,,,"Amar Chitra Katha Pvt. Ltd. (2011), Edition: 1, 72 pages",2011,,,,,Tinkle Present: The Adventures of Shikari Shambu by Luis Fernandes (2011),Paperback,,,,,,,,,,,,,,"adventure, adventure fiction, comics, comic, Comics & Graphic Novels, comic book, comic books, graphic novel, graphic novels",,English,English,PN6790 .I53 .H3,[818999901X],"[818999901X, 9788189999018]",,,,,1,amazon.com books,2026-04-26,,,14211804,,,,,,,,,
312444275,The Danger Gang,5,"Fletcher, Tom",Author,,,"Puffin (2021), 448 pages",2021,,,,,The Danger Gang by Tom Fletcher (2021),Paperback,,,,,,,,,,,,,,"middle grade, fantasy, adventure, children's fiction, magic, friendship, magical realism, supernatural, children's literature, coming of age",,English,English,,[024140746X],"[024140746X, 9780241407462]",,823.92,1900- > 2000- > English & Old English literatures > English fiction > Literature & rhetoric,,1,amazon.com books,2026-04-26,,,25587830,,,,,,,,,
312444286,Puffin Classics Anne of Green Gables Illustrated Edition.,1,"Montgomery, L. M.",Author,,,"Puffin Classics (2024), 448 pages",2024,,,,,Puffin Classics Anne of Green Gables Illustrated Edition. by L. M. Montgomery (2024),Paperback,,,,,,,,,,,,,,"fiction, classics, Prince Edward Island, historical fiction, Anne of Green Gables, Canadian literature, coming of age, literature",,English,English,PZ7 .M768,[0241686741],"[0241686741, 9780241686744]",,813.52,1900-1945 > 1900-1999 > American fiction in English > American literature in English > Literature & rhetoric,,1,amazon.com books,2026-04-26,,,3253,,,,,,,,,
312444287,The Land of Stories: Beyond the Kingdoms,5,"Colfer, Chris",Author,,,"Little, Brown Books for Young Readers (2016), Edition: Reprint, 464 pages",2016,,,,,The Land of Stories: Beyond the Kingdoms by Chris Colfer (2016),Paperback,,,,,,,,,,,,,,"fantasy, fiction, fairy tales, magic, middle grade, children's literature, fairies, juvenile fiction, fairy tale retelling",,English,English,PZ7 .C677474 .L,[0316406872],"[0316406872, 9780316406871]",,813.6,2000- > American fiction in English > American literature in English > Literature & rhetoric,,1,amazon.com,2026-04-26,,,15966619,,,,,$9.99 (USD),,,,
312444288,Sahyadri Adventure: Koleshwar's Secret,1,"Dalal, Deepak",Author,,,"India Penguin (2022), 312 pages",2022,,,,,Sahyadri Adventure: Koleshwar's Secret by Deepak Dalal (2022),Paperback,,,,,,,,,,,,,,"children's literature, children's, children's fiction, children, children's books, adventure, Adventure, adventure fiction",,,English,,[0143449435],"[0143449435, 9780143449430]",,823,English & Old English literatures > English fiction > Literature & rhetoric,,1,amazon.com all media,2026-04-26,,,11505119,,,,,,,,,
312444291,Artemis Fowl: The Eternity Code (Book 3),1,"Colfer, Eoin",Author,,,"Puffin Books (2011), Edition: 3rd, 368 pages",2011,,,,,Artemis Fowl: The Eternity Code (Book 3) by Eoin Colfer (2011),Paperback,,,,,,,,,,,,,,"fantasy, fiction, Artemis Fowl, young adult, science fiction, fairies, adventure, magic, children's, children, faeries, crime, Ireland, humor, children's literature, children's fiction",,English,English,PZ7 .C67714 .A,[014133911X],"[014133911X, 9780141339115]","Adventure and adventurers > Fiction|Children's stories|Computers > Fiction|Computers > Juvenile fiction|Criminals > Juvenile fiction|England > Fiction|England > fiction|Fairies > Fiction|Fairies > Juvenile fiction|Fantasy fiction|Fowl, Artemis (Fictitious character) > Juvenile fiction|Gifted children > Juvenile fiction|Magic > Fiction|Magic > Juvenile Fiction|Magic > Juvenile fiction|fairies > Fiction|fantasy fiction",823.914,1900- > 1901-1999 > 1945-1999 > English & Old English literatures > English fiction > Literature & rhetoric,,1,amazon.com,2026-04-26,,,84549,,,,,,,,,
312444295,"His dark materials : Northern lights, The subtle knife, The amber spyglass",1,"Pullman, Philip",,,,"London : Scholastic, 2008.",2008,,,,,"His dark materials : Northern lights, The subtle knife, The amber spyglass by Philip Pullman (2008)",Paperback,1024 p.; 9.2 inches,2.65 pounds,9.2 inches,2.3 inches,6 inches,9.2 x 6 x 2.3  inches,1024 ,,,,,,,"fantasy, fiction, religion, science fiction, children's literature, trilogy, alternate universe, Philip Pullman",,,English,PZ7 .P968 .A,[9781407109428],"[9781407109428, 1407109421]",,823.914,1900- > 1901-1999 > 1945-1999 > English & Old English literatures > English fiction > Literature & rhetoric,,1,"HelMet - Helmet-kirjasto / Helsinki Metropolitan Libraries (Helsinki, Uusimaa)",2026-04-26,,,8338263,,,,,,,,,
312444298,The Fire Keeper (A Storm Runner Novel (2)),5,"Cervantes, J. C.",Author,,,"Thorndike Striving Reader (2020), Edition: Large type / Large print, 623 pages",2020,,,,,The Fire Keeper (A Storm Runner Novel (2)) by J. C. Cervantes (2020),Hardcover,,,,,,,,,,,,,,"fantasy, realistic fiction, Mayan, fiction, Mayan mythology, young adult, middle grade, adventure, LGBTQ, action/adventure, people with disabilities, magic, young adult fiction, fathers and sons, sports, science fiction",,,English,PZ7 .C3198 .F,[1432875558],"[1432875558, 9781432875558]",,813.6,2000- > American fiction in English > American literature in English > Literature & rhetoric,,1,amazon.com all media,2026-04-26,,,22408574,,,,,$21.99 (USD),,,,
312444301,"The Hawthorne Legacy (The Inheritance Games, 2)",5,"Barnes, Jennifer Lynn",Author,,,"Little, Brown Books for Young Readers (2022), 384 pages",2022,,,,,"The Hawthorne Legacy (The Inheritance Games, 2) by Jennifer Lynn Barnes (2022)",Paperback,,,,,,,,,,,,,,"mystery, fiction, thriller, puzzles, family, secrets, suspense, contemporary, romance, mystery-thriller, inheritance, young adult fiction",,English,English,PZ7 .B26225 .H,[031610518X],"[031610518X, 9780316105187]",,813.6,2000- > American fiction in English > American literature in English > Literature & rhetoric,,1,amazon.com books,2026-04-26,,,25923701,,,,,$10.99 (USD),,,,
312444302,The dangerous gift,5,"Sutherland, Tui",,,,"New York : Scholastic Press, 2021.",2021,,,,,The dangerous gift by Tui Sutherland (2021),Paper Book,,,,,,,,2021279474,,,,,,"fantasy, young adult, fantasy fiction, middle grade, dragons, children's fantasy, Junior Fiction, juvenile fiction, fiction, children, dragon, adventure, children's, magic, prophecy",,,English,PZ7 .S96694 .D,[1338760211],"[1338760211, 9781338760217]",,[Fic],,,1,"Library of Congress (Washington, DC)",2026-04-26,,,24551707,,,,,,,,,
312444304,Skandar and the Chaos Trials,1,"Steadman, A. F.",Author,,,,,,,,,Skandar and the Chaos Trials by A. F. Steadman,Hardcover,,,,,,,,,,,,,,"fantasy, fiction, children's, loyalty, friendship, magic, young adult, middle grade, elemental magic, dragons, British author, adventure, unicorns",,English,English,PZ7.1 .S741135,[1398502952],"[1398502952, 9781398502956]",,823.92,1900- > 2000- > English & Old English literatures > English fiction > Literature & rhetoric,,1,amazon.com books,2026-04-26,,,30336648,,,,,,,,,
312444306,Classical Mythology: Myths and Legends of Ancient Greece and Rome,1,,,,,Global Book. 1 Paperback(s) (2007),2007,,,,,Classical Mythology: Myths and Legends of Ancient Greece and Rome (2007),Paperback,,,,,,,,,,,,,,"Mythology, Greek mythology, Roman mythology",,,English,,[1740480104],"[1740480104, 9781740480109]",,292.13,"Classical religion (Greek and Roman religion) > Mythology and mythological foundations > Other religions > Religion > Religious mythology, general classes of religion, interreligious relations and attitudes, social theology",,1,amazon.com,2026-04-26,,,12534723,,,,,,,,,
312444308,Prince Caspian,1,"Lewis, C.S. Lewis C. S.",Author,,,HarperCollins Publishers (2010),2010,,,,,Prince Caspian by C.S. Lewis C. S. Lewis (2010),Paperback,,,,,,,,,,,,,,"fantasy, Narnia, Chronicles of Narnia, young adult, C.S. Lewis, children's literature, adventure, classic, allegory, Christian, magic, children's fiction",,English,English,PZ7 .L58474 .P,[0007363672],"[0007363672, 9780007363674]",,823.087661,Adventure fiction > By type > English & Old English literatures > English fiction > Fantasy fiction > Genre fiction > High fantasy > Literature & rhetoric > Speculative fiction,,1,amazon.com,2026-04-26,,,6954108,,,,,,,,,
312444320,Harry Potter and the Deathly Hallows,1,"Rowling, J. K.",Author,,,Arthur A. Levine Books (2009),2009,,,,,Harry Potter and the Deathly Hallows by J. K. Rowling (2009),Hardcover,,,,,,,,,,,,,,"fantasy, fiction, Harry Potter, magic, wizards, children's literature, witches, J.K. Rowling, England, Hogwarts, friendship, British",,English,English,PR6068 .O93,[140885595X],"[140885595X, 9781408855959]","Bildungsromans|Boarding schools > Juvenile sound recordings|Children's stories|Coming of age > Fiction|England > Fiction|England > Juvenile fiction|England > Juvenile sound recordings|England > fiction|Fantasy fiction|Good and evil > Juvenile fiction|Hogwarts School of Witchcraft and Wizardry > Juvenile fiction|Hogwarts School of Witchcraft and Wizardry (Imaginary place) > Fiction|Hogwarts School of Witchcraft and Wizardry (Imaginary place) > Juvenile fiction|Hogwarts School of Witchcraft and Wizardry (Imaginary place) > Juvenile sound recordings|Hogwarts School of witchcraft and Wizardry (Imaginary place) > Fiction|Large type books|Magic > Fiction|Magic > Juvenile Fiction|Magic > Juvenile fiction|Magic > Juvenile sound recordings|Magiciens > Romans, nouvelles, etc. pour la jeunesse|Magie > Romans, nouvelles, etc. pour la jeunesse|Méchanceté > Romans, nouvelles, etc. pour la jeunesse|Potter, Harry (Fictitious character) > Fiction|Potter, Harry (Fictitious character) > Juvenile fiction|Potter, Harry (Fictitious character) > Juvenile sound recordings|Potter, Harry (Personnage fictif) > Romans, nouvelles, etc. pour la jeunesse|Potter, harry (fictitious character) > Fiction|Quests (Expeditions) > Juvenile fiction|Quête (Littérature) > Romans, nouvelles, etc. pour la jeunesse|Schools > Fiction|Schools > Juvenile Fiction|Schools > Juvenile fiction|Schools > fiction|Wizards > Fiction|Wizards > Juvenile fiction|Wizards > Juvenile sound recordings|fantasy fiction",823.914,1900- > 1901-1999 > 1945-1999 > English & Old English literatures > English fiction > Literature & rhetoric,,1,amazon.com books,2026-04-26,,,3577382,,,,,,,,,
312444326,The Monkey Who Fell From The Future,5,"Welford, Ross",Author,,,"HARPER COLLINS (2023), 320 pages",2023,,,,,The Monkey Who Fell From The Future by Ross Welford (2023),Paperback,,,,,,,,,,,,,,"time travel, science fiction, adventure, dystopian, future, children's, technology, survival, middle grade, family, friendship",,English,English,,[0008544743],"[0008544743, 9780008544744]",,823.92,1900- > 2000- > English & Old English literatures > English fiction > Literature & rhetoric,,1,amazon.com books,2026-04-26,,,29867726,,,,,,,,,
312444327,Arkspire 2: The Order of Misfits,1,"Littler, Jamie",Author,,,"Puffin (2025), 384 pages",2025,,,,,Arkspire 2: The Order of Misfits by Jamie Littler (2025),Paperback,,,,,,,,,,,,,,"fantasy, young adult, magic, coming of age, adventure, urban fantasy, mystery, dystopian, female protagonist",,English,English,,[024158616X],"[024158616X, 9780241586167]",,823.00,By type > English & Old English literatures > English fiction > Literature & rhetoric,,1,amazon.com books,2026-04-26,,,32519597,,,,,,,,,
312444329,Theodore Boone: The Activist,1,"Grisham, John",Author,,,"Puffin Books (2013), Edition: 1st, 299 pages",2013,,,,,Theodore Boone: The Activist by John Grisham (2013),Ebook,,,,,,,,,,,,,,"fiction, mystery, lawyers, young adult, thriller, crime, law, suspense, juvenile fiction, John Grisham, legal thriller, realistic fiction, courts, middle grade",,English,English,PZ7 .G88788 .T,[1101593512],"[1101593512, 9781101593516]",,813.54,1900-1999 > 1945-1999 > American fiction in English > American literature in English > Literature & rhetoric,,1,amazon.com,2026-04-26,,,13910314,,,,,,,,,
312444331,Theodore Boone: Kid Lawyer,1,"Grisham, John",Author,,,"Puffin Books (2011), Edition: Reprint, 288 pages",2011,,,,,Theodore Boone: Kid Lawyer by John Grisham (2011),Paperback,,,,,,,,,,,,,,"mystery, fiction, lawyers, crime, murder, law, thriller, young adult, realistic fiction, John Grisham, legal thriller, suspense, juvenile fiction, middle grade",Your library,English,English,PZ7 .G88788 .T,[9780142417225],"[9780142417225, 014241722X]",,813.54,1900-1999 > 1945-1999 > American fiction in English > American literature in English > Literature & rhetoric,,1,amazon.com,2026-04-26,,,9793036,"Chhaparwal, Ahaan",Checked out,2026-05-10,2026-06-12,$8.99 (USD),,,,
312444332,Boys Don't Knit,1,"Easton, T. S.",Author,,,Hot Key Books (2014),2014,,,,,Boys Don't Knit by T. S. Easton (2014),Paperback,,,,,,,,,,,,,,"knitting, realistic fiction, probation, fathers, fiction, humor, contemporary, fitting in, contemporary fiction, family, England, bullying, gender, young adult fiction, young adult, teen",,English,English,PZ7 .E13159 .B,[1471401472],"[1471401472, 9781471401473]",,823.92,1900- > 2000- > English & Old English literatures > English fiction > Literature & rhetoric,,1,amazon.com,2026-04-26,,,14764711,,,,,,,,,
312444334,Rebel of the Sands (Rebel of the Sands Trilogy),1,"Hamilton, Alwyn",Author,,,"Faber Children's Books (2016), Edition: Signed copy",2016,,,,,Rebel of the Sands (Rebel of the Sands Trilogy) by Alwyn Hamilton (2016),Paperback,,,,,,,,,,,,,,"fantasy, fiction, romance, magic, djinn, Middle East, young adult fantasy, high fantasy, trilogy, Science Fiction/Fantasy, deserts",,"English, French",English,PZ7.1 .H35,[0571325254],"[0571325254, 9780571325252]",,823.92,1900- > 2000- > English & Old English literatures > English fiction > Literature & rhetoric,,1,amazon.com,2026-04-26,,,16503795,,,,,,,,,
312444340,The Magic Finger,5,"Dahl, Roald",Author,,,Penguin (2016),2016,,,,,The Magic Finger by Roald Dahl (2016),Paperback,,,,,,,,,,,,,,"Roald Dahl, fiction, fantasy, children's literature, juvenile, Dahl",,English,English,PZ7 .M,[0141371463],"[0141371463, 9780141371467]",Hunting > Fiction|Magic > Fiction,823.914,1900- > 1901-1999 > 1945-1999 > English & Old English literatures > English fiction > Literature & rhetoric,,1,amazon.com,2026-04-26,,,5112768,,,,,,,,,
312444342,George and the Unbreakable Code,1,,,,,Random House Children's Publishers UK (2015),2015,,,,,George and the Unbreakable Code (2015),Paperback,32 p.,1.11 pounds,,,,,32 ,,,,,,,"fiction, Adventure, children's",,English,English,PZ7.H3134,[0552570052],"[0552570052, 9780552570053]",,823.92,1900- > 2000- > English & Old English literatures > English fiction > Literature & rhetoric,,1,amazon.com books,2026-04-26,,,517420,,,,,,,,,
312444343,Four-Four-Two,1,"Hughes, Dean",Author,,,"Atheneum Books for Young Readers (2017), Edition: Reprint, 288 pages",2017,,,,,Four-Four-Two by Dean Hughes (2017),Paperback,,,,,,,,,,,,,,"WWII, historical fiction, war, Japanese American, young adult, fiction, military, racism, historical, Infantry, combat, Japanese, American history, internment camps",,English,English,PZ7 .H87312 .F,[1481462539],"[1481462539, 9781481462532]",,813.54,1900-1999 > 1945-1999 > American fiction in English > American literature in English > Literature & rhetoric,,1,amazon.com,2026-04-26,,,18617132,,,,,$10.99 (USD),,,,
312444344,"The Famous Five [Paperback] [Jan 01, 2004] Enid Blyton",5,"Blyton, Enid",Author,,,Enid Blyton Ltd. (2004),2004,,,,,"The Famous Five [Paperback] [Jan 01, 2004] Enid Blyton by Enid Blyton (2004)",Paperback,,,,,,,,,,,,,,"fiction, adventure, Famous Five, children's, mystery, children, Enid Blyton, children's fiction, children's books, children's literature, youth, kids, Blyton, juvenile, young adult, England",,English,English,PZ7 .B629 .F,[0340894601],"[0340894601, 9780340894606]",,823.912,1900- > 1901-1945 > 1901-1999 > English & Old English literatures > English fiction > Literature & rhetoric,,1,amazon.com books,2026-04-26,,,59869,,,,,,,,,
312444346,Boy,1,"Dahl, Roald",Author,,,Penguin (2016),2016,,,,,Boy by Roald Dahl (2016),Paperback,,,,,,,,,,,,,,"autobiography, Roald Dahl, 20th century, biography, humor, school, Norway, memoir, childhood, British, fiction, children, boarding school, children's, England",,English,English,PR6054 .A35,[014137134X],"[014137134X, 9780141371344]","Authors > Biography|Authors, English|Authors, English > 20th century > Biography > Juvenile literature|Authors, English > Juvenile literature|Dahl, Roald|Dahl, Roald > Childhood and youth > Juvenile literature|Great Britain > Juvenile literature|Great Britain > Social life and customs > Juvenile literature",823.914,1900- > 1901-1999 > 1945-1999 > English & Old English literatures > English fiction > Literature & rhetoric,,1,amazon.com,2026-04-26,,,28657,,,,,,,,,
312444348,The Fourteenth Goldfish,5,"Holm, Jennifer L.",Author,,,"Yearling (2016), Edition: Dgs, 240 pages",2016,,,,,The Fourteenth Goldfish by Jennifer L. Holm (2016),Paperback,,,,,,,,,,,,,,"science fiction, fiction, family, aging, friendship, grandfathers, scientists, humor, middle grade, middle school, fantasy, grandfather, immortality, fountain of youth",,English,English,PZ7 .H732226 .F,[0375871144],"[0375871144, 9780375871146]",,813.6,2000- > American fiction in English > American literature in English > Literature & rhetoric,,1,amazon.com,2026-04-26,,,14546222,"Chhaparwal, Ahaan",Checked out,2026-05-10,2026-06-12,$7.99 (USD),,,,
312444349,"Endling: Book Three: The Only (Endling, 3)",1,"Applegate, Katherine",Author,,,Andersen Press (2021),2021,,,,,"Endling: Book Three: The Only (Endling, 3) by Katherine Applegate (2021)",Paperback,,,,,,,,,,,,,,"fantasy, Imaginary places, friendship, animals, fiction, young adult, teen fantasy, secrecy, fantasy fiction, quest, adventure",,English,English,PZ7 .A6483,[1783449543],"[1783449543, 9781783449545]",,813.6,2000- > American fiction in English > American literature in English > Literature & rhetoric,,1,amazon.com books,2026-04-26,,,25711002,,,,,,,,,
312444351,Wings of Fire Book Two: The Lost Heir,1,"Sutherland, Tui T.",Author,,,"Scholastic Press (2013), Edition: 9.1.2013, 336 pages",2013,,,,,Wings of Fire Book Two: The Lost Heir by Tui T. Sutherland (2013),Paperback,,,,,,,,,,,,,,"dragons, fantasy, fiction, adventure, middle grade, young adult, magic, prophecy, mystery, juvenile fiction, fantasy fiction, war, kids",,English,English,PZ7 .S96694 .L,[0545349249],"[0545349249, 9780545349246]",,813.6,2000- > American fiction in English > American literature in English > Literature & rhetoric,,1,amazon.com,2026-04-26,,,13218729,,,,,$7.99 (USD),,,,
312444362,The Little Prince,5,"Saint-Expury, Antoine De",Author,,,FINGERPRINT (2016),2016,,,,,The Little Prince by Antoine De Saint-Expury (2016),Paperback,,,,,,,,,,,,,,"French literature, children's literature, classics, philosophy, children's books, young adult, literature",,English,English,PZ8 .S14 .L,[817599357X],"[817599357X, 9788175993570]",,843.912,1900- > 1900-1945 > 20th Century > French & related literatures > French fiction > Literature & rhetoric,,1,amazon.com books,2026-04-26,,,11883,,,,,,,,,
312444363,The Land of Stories: An Author's Odyssey,5,"Colfer, Chris",Author,,,"Little, Brown Books for Young Readers (2017), Edition: Reprint, 464 pages",2017,,,,,The Land of Stories: An Author's Odyssey by Chris Colfer (2017),Paperback,,,,,,,,,,,,,,"fantasy, fiction, fairy tales, magic, middle grade, twins, young adult, juvenile fiction",,English,English,PZ7 .C677474 .A,[031638321X],"[031638321X, 9780316383219]",,813.6,2000- > American fiction in English > American literature in English > Literature & rhetoric,,1,amazon.com,2026-04-26,,,17440486,,,,,$9.99 (USD),,,,
312444368,Artemis Fowl: The Opal Deception,1,"Colfer, Eoin",Author,,,"Puffin Books (2011), Edition: Re-issue, 384 pages",2011,,,,,Artemis Fowl: The Opal Deception by Eoin Colfer (2011),Paperback,,,,,,,,,,,,,,"fantasy, fiction, Artemis Fowl, young adult, adventure, fairies, science fiction, magic, children's, faeries, Ireland, crime, children's fiction, children, humor, children's literature",,English,English,PZ7 .C677475 .A,[0141339136],"[0141339136, 9780141339139]","Adventure and adventurers > Fiction|Adventure stories, English|Children's stories|England > Fiction|England > fiction|Fairies > Fiction|Fowl, Artemis (Fictitious character) > Fiction|Fowl, Artemis (Fictitious character) > Juvenile fiction|Kidnapping > Fiction|Magic > Fiction|Parent and child > Fiction|Pixies > Juvenile fiction|Revenge > Fiction|fairies > Fiction",823.914,1900- > 1901-1999 > 1945-1999 > English & Old English literatures > English fiction > Literature & rhetoric,,1,amazon.com,2026-04-26,,,59144,,,,,,,,,
312444381,Adventures of Tom Sawyer (Classic Library),1,"Twain, Mark",Author,,,"Egmont Books Ltd (1991), 205 pages",1991,,,,,Adventures of Tom Sawyer (Classic Library) by Mark Twain (1991),Hardcover,205 p.; 7.4 inches,0.84 pounds,7.4 inches,0.9 inches,5 inches,7.4 x 5 x 0.9  inches,205 ,,,,,,,"fiction, classics, classic, adventure, literature, American literature, 19th century, American, children's, historical fiction, Mark Twain, humor, young adult, children's literature, children",,English,English,PS1306,[0749800585],"[0749800585, 9780749800581]","Action and adventure films|Adaptations|Adventure fiction|Adventure stories|Adventure stories, American > History and criticism|American fiction|Animation|Bildungsromane|Bildungsromans|Boys > Fiction|Boys > Missouri > Fiction|Boys > Missouri > Juvenile fiction|Child witnesses > Fiction|Children's films and programs|Children\'s films and programs|Comedies|Dummies (Bookselling) > Specimens|Fiction|Finn, Huckleberry (Fictitious character) > Fiction|Finn, Huckleberry (Fictitious character) > Juvenile fiction|Fugitive slaves > Fiction|Humorous Stories|Humorous fiction|Humorous stories|Literature|Made for TV movies|Male friendship > Fiction|Mississippi River > Fiction|Mississippi River > Juvenile fiction|Mississippi River Valley > Fiction|Missouri > Fiction|Missouri > History > 19th century > Fiction|Race relations > Fiction|Runaway children > Fiction|Sawyer, Tom (Fictitious character) > Drama|Sawyer, Tom (Fictitious character) > Fiction|Sawyer, Tom (Fictitious character) > Juvenile fiction|Series|Twain, Mark, 1835-1910. Adventures of Tom Sawyer|Videodiscs|adventure stories|animation|humorous fiction|humorous stories|literature",813.4,American fiction in English > American literature in English > Later 19th Century 1861-1900 > Literature & rhetoric,,1,amazon.com,2026-04-26,,,2236,,,,,,,,,
312444384,The Supply Chain,5,"Schneider, Aaron",Author,,,"Crowsnest Books (2023), 229 pages",2023,,,,,The Supply Chain by Aaron Schneider (2023),Ebook,,,,,,,,,,,,,,"fiction, literary fiction, political fiction, contemporary fiction",,,,,,,,,,,1,amazon.com all media,2026-04-26,,,35731019,,,,,,,,,
312444387,Aru Shah And The End Of Time,1,,,,,Scholastic UK,,,,,,Aru Shah And The End Of Time,Paperback,,,,,,,,,,,,,,"fantasy, middle grade, fiction, adventure, Hindu mythology, India, Hindu, Indian mythology, Hinduism, realistic fiction, young adult, children's, quest, family, friendship",,English,English,PZ7.1 .C54 .A,[9389297362],"[9389297362, 9789389297362]",,813.6,2000- > American fiction in English > American literature in English > Literature & rhetoric,,1,amazon.com books,2026-04-26,,,20300329,,,,,,,,,
312444393,The Boy in the Striped Pyjamas,5,"Boyne, John",Author,,,"Definitions (2008), Edition: Film Tie-In, 224 pages",2008,,,,,The Boy in the Striped Pyjamas by John Boyne (2008),Paperback,224 p.; 7.72 inches,0.35 pounds,7.72 inches,0.55 inches,4.8 inches,7.72 x 4.8 x 0.55  inches,224 ,,,,,,,"Holocaust, WWII, fiction, historical fiction, friendship, war, young adult, concentration camps, Germany, history, Auschwitz, Nazis, Jews, historical, Poland, children",,English,English,PZ7 .B69677 .B,[1862305277],"[1862305277, 9781862305274]","Auschwitz (Concentration camp) > Fiction|Auschwitz (Concentration camp) > Juvenile fiction|Berlin (Germany) > Fiction|Concentration camps > Poland > Fiction|Friendship > Fiction|Holocaust, Jewish (1939-1945) > Fiction|Nazis > Fiction|World War, 1939-1945 > Jews > Fiction|Young Adult fiction|Young adult fiction",823.92,1900- > 2000- > English & Old English literatures > English fiction > Literature & rhetoric,,1,amazon.com books,2026-04-26,,,383608,,,,,,,,,
312444395,Allegiant (Divergent Series),1,"Roth, Veronica",Author,,,"Katherine Tegen Books (2016), Edition: Reprint, 592 pages",2016,,,,,Allegiant (Divergent Series) by Veronica Roth (2016),Paperback,,,,,,,,,,,,,,"young adult, science fiction, fiction, dystopia, dystopian, fantasy, romance, Divergent, adventure, post-apocalyptic, Chicago, Divergent Series, teen, action, family",,English,English,PZ7 .R7375 .A,[0062024078],"[0062024078, 9780062024077]",,813.6,2000- > American fiction in English > American literature in English > Literature & rhetoric,,1,amazon.com,2026-04-26,,,11584289,,,,,$12.99 (USD),,,,
312444400,The Return of Sherlock Holmes: By Arthur Conan Doyle - Illustrated,5,"Doyle, Arthur Conan",Author,,,"Independently published (2017), 194 pages",2017,,,,,The Return of Sherlock Holmes: By Arthur Conan Doyle - Illustrated by Arthur Conan Doyle (2017),Paperback,,,,,,,,,,,,,,"mystery, fiction, Sherlock Holmes, crime, short stories, detective, crime fiction, England, Arthur Conan Doyle, London, British",,,English,PR4622 .R48,[1521093377],"[1521093377, 9781521093375]","Detective and mystery stories, English|Holmes, Sherlock (Fictitious character)|Holmes, Sherlock (Fictitious character) > Fiction|Private investigators > England > Fiction",823.8,1837-1899 > English & Old English literatures > English fiction > Literature & rhetoric,,1,amazon.com all media,2026-04-26,,,12417,,,,,,,,,
312444406,The Horse and His Boy (The Chronicles of Narnia),5,"Lewis, C S",Author,,,HarperCollins Publishers (2010),2010,,,,,The Horse and His Boy (The Chronicles of Narnia) by C S Lewis (2010),Paperback,,,,,,,,,,,,,,"fantasy, fiction, Narnia, Chronicles of Narnia, C.S. Lewis, classics, adventure, children's fiction, magic",,English,English,PZ7 .L58474 .H,[0007363788],"[0007363788, 9780007363780]",Children's stories|Children\'s stories|Fantasy|fantasy,823.087661,Adventure fiction > By type > English & Old English literatures > English fiction > Fantasy fiction > Genre fiction > High fantasy > Literature & rhetoric > Speculative fiction,,1,amazon.com,2026-04-26,,,1182718,,,,,,,,,
312444413,Harry Potter and the Half-Blood Prince,1,"Rowling, Joanne K.",Author,,,BLOOMSBURY PUBLISHING (2017),2017,,,,,Harry Potter and the Half-Blood Prince by Joanne K. Rowling (2017),Hardcover,,,,,,,,,,,,,,"fantasy, fiction, Harry Potter, wizards, witches, J.K. Rowling, British, school, children's fiction",,English,English,PR6068 .O93,[1408855941],"[1408855941, 9781408855942]",,823.92,1900- > 2000- > English & Old English literatures > English fiction > Literature & rhetoric,,1,amazon.com,2026-04-26,,,1133624,,,,,,,,,
312444416,The Alchemyst,5,"Scott, Michael",Author,,,Corgi (2012),2012,,,,,The Alchemyst by Michael Scott (2012),Paperback,400 p.; 7.72 inches,0.57 pounds,7.72 inches,1.02 inches,5.04 inches,7.72 x 5.04 x 1.02  inches,400 ,,,,,,,"fantasy, fiction, magic, young adult, alchemy, adventure, twins, Nicholas Flamel, immortality, siblings, teen, supernatural, young adult fiction, children's, San Francisco, urban fantasy",,English,English,PZ7 .S42736 .A,[0552562521],"[0552562521, 9780552562522]","Alchemists > Fiction|Alchemists > Juvenile fiction|Brothers and sisters > Fiction|Brothers and sisters > Juvenile fiction|Dee, John, 1527-1608 > Fiction|Dee, John, 1527-1608 > Juvenile fiction|Flamel, Nicolas, d. 1418 > Fiction|Flamel, Nicolas, d. 1418 > Juvenile fiction|Magic > Fiction|Magic > Juvenile Fiction|Magic > Juvenile fiction|Occult fiction|San Francisco (Calif.) > Fiction|San Francisco (Calif.) > Juvenile fiction|Supernatural > Fiction|Supernatural > Juvenile fiction|Twins > Fiction|Twins > Juvenile fiction",823.914,1900- > 1901-1999 > 1945-1999 > English & Old English literatures > English fiction > Literature & rhetoric,,1,amazon.com,2026-04-26,,,2338155,,,,,,,,,
312444417,When We Got Lost in Dreamland,1,"Welford, Ross",Author,,,"HARPER COLLINS (2021), 416 pages",2021,,,,,When We Got Lost in Dreamland by Ross Welford (2021),Paperback,,,,,,,,,,,,,,"fantasy, adventure, middle grade, dreams, siblings, imagination, friendship, time travel, family, magic",,English,English,,[0008333815],"[0008333815, 9780008333812]",,823.92,1900- > 2000- > English & Old English literatures > English fiction > Literature & rhetoric,,1,amazon.com books,2026-04-26,,,25564609,,,,,,,,,
312444418,The House Witch and The Enchanting of the Hearth,5,"Nikota, Emilie",Author,,,"Penguin Books Ltd (2024), 480 pages",2024,,,,,The House Witch and The Enchanting of the Hearth by Emilie Nikota (2024),Paperback,,,,,,,,,,,,,,"fantasy, fiction, magic, witches, mystery, witch, cooking, Romantasy",,English,English,,[1405967110],"[1405967110, 9781405967112]",,813.6,2000- > American fiction in English > American literature in English > Literature & rhetoric,,1,amazon.com books,2026-04-26,,,28796072,,,,,,,,,
312444420,Tintin in America,1,Hergé,Author,,,"Egmont Books (2002), Edition: 1",2002,,,,,Tintin in America by Hergé (2002),Paperback,62 p.; 11.69 inches,0.59 pounds,11.69 inches,0.47 inches,8.66 inches,11.69 x 8.66 x 0.47  inches,62 ,,,,,,,"comics, graphic novel, fiction, comic, adventure, humor, comic book, America, cartoons, USA, graphic novels, Belgium, children's literature",,English,English,PN6790 .B44 .T57813,[1405206144],"[1405206144, 9781405206143]",Adventure and adventurers > Fiction|Caricatures and cartoons > France|Cartoons and comics|Crime > Fiction,741.5,"Arts & recreation > Comic books, graphic novels, fotonovelas, cartoons, caricatures, comic strips > Drawing & decorative arts > Drawing and drawings",,1,Amazon.com,2026-04-26,,,8002,,,,,,,,,
312444422,"All-Time Favourites for Children: Classic Collection of 25+ most-loved, great stories by famous award-winning author (Illustrated, must-read fiction short stories for kids)",1,"Bond, Ruskin",Author,,,"India Puffin (2021), Edition: 1, 232 pages",2021,,,,,"All-Time Favourites for Children: Classic Collection of 25+ most-loved, great stories by famous award-winning author (Illustrated, must-read fiction short stories for kids) by Ruskin Bond (2021)",Paperback,,,,,,,,,,,,,,"children's, children, children's literature, children's books, adventure, bedtime stories",,English,English,,[0143451936],"[0143451936, 9780143451938]",,823.914,1900- > 1901-1999 > 1945-1999 > English & Old English literatures > English fiction > Literature & rhetoric,,1,amazon.com books,2026-04-26,,,26724262,,,,,$9.99 (USD),,,,
312444424,The Witches,5,"Dahl, Roald",Author,,,Penguin (2016),2016,,,,,The Witches by Roald Dahl (2016),Paperback,,,,,,,,,,,,,,"fiction, fantasy, witches, humor, magic, Roald Dahl, young adult, mice, kids, adventure, juvenile, children's fiction",,English,English,PZ7 .W,[014137148X],"[014137148X, 9780141371481]",Children's audiobooks|Grandmothers > Fiction|Grandmothers > Juvenile fiction|Witches > Fiction|Witches > Juvenile fiction|Witches > fiction,823.914,1900- > 1901-1999 > 1945-1999 > English & Old English literatures > English fiction > Literature & rhetoric,,1,amazon.com,2026-04-26,,,1535,,,,,,,,,
312444426,The Miraculous Journey of Edward Tulane,5,"DiCamillo, Kate",Author,"Ibatoulline, Bagram",Illustrator,"Candlewick Press (2009), Edition: Reprint, 224 pages",2009,,,,,The Miraculous Journey of Edward Tulane by Kate DiCamillo (2009),Ebook,,,,,,,,,,,,,,"fiction, fantasy, adventure, rabbits, children's, children's literature, friendship, juvenile fiction, children's books",,English,English,PZ7 .D5455,[0763649422],"[0763649422, 9780763649425]",Adventure and adventurers > Fiction|Adventure and adventurers > Juvenile fiction|Children's stories|Listening > Fiction|Listening > Juvenile fiction|Love > Fiction|Love > Juvenile fiction|Rabbits > Fiction|Rabbits > Juvenile fiction|Toys > Fiction|Toys > Juvenile fiction|Toys > fiction,813.6,2000- > American fiction in English > American literature in English > Literature & rhetoric,,1,amazon.com,2026-04-26,,,936351,,,,,$7.99 (USD),,,,
312444427,Will Solvit: The Battle of the Ninjas,1,"Storm, Zed",Author,,,Parragon Books (2010),2010,,,,,Will Solvit: The Battle of the Ninjas by Zed Storm (2010),Paperback,7.5 inches,0.35 pounds,7.5 inches,0.5 inches,5.1 inches,7.5 x 5.1 x 0.5  inches,,,,,,,,"children's literature, children's, children's fiction, children, children's books, action, adventure, adventure fiction, Adventure, Action & Adventure, science fiction, sci-fi",,English,English,,[144540463X],"[144540463X, 9781445404639]",,823.92,1900- > 2000- > English & Old English literatures > English fiction > Literature & rhetoric,,1,amazon.com books,2026-04-26,,,10339827,,,,,,,,,
312444428,Moon rising : the graphic novel,1,"Sutherland, Tui",,,,"New York, New York : Graphix, an imprint of Scholastic, 2023.",2023,,,,,Moon rising : the graphic novel by Tui Sutherland (2023),Paperback,,,,,,,,2022037215,,,,,,"fantasy, dragons, fiction, adventure, children, juvenile fiction, fantasy fiction, telepathy, prophecy",,,English,PZ7 .S96694 .M,[9781338730890],"[9781338730890, 1338730894]",,741.5/973,"Arts & recreation > Comic books, graphic novels, fotonovelas, cartoons, caricatures, comic strips > Drawing & decorative arts > Drawing and drawings",,1,"Shortgrass Library System (Medicine Hat, AB)",2026-04-26,,,15256567,,,,,$12.99 (USD),,,,
312444429,Wings of Fire 6: Moon Rising,1,Tiu T. Sutherland,Author,"Holmes, Mike",Illustrator,WG0118KFIORSDSFJDFXE258cdf 172,,,,,,Wings of Fire 6: Moon Rising by Tiu T. Sutherland,Hardcover,,,,,,,,,,,,,,"graphic novel, dragons, fantasy, adventure, fiction, young adult, Junior Fiction, Comics & Graphic Novels, comic books, children's fiction, magic, prophecy, middle grade",,English,,PZ7.7 .D507 .W,[9354715222],"[9354715222, 9789354715228]",,741.5,"Arts & recreation > Comic books, graphic novels, fotonovelas, cartoons, caricatures, comic strips > Drawing & decorative arts > Drawing and drawings",,1,amazon.com books,2026-04-26,,,29554276,,,,,,,,,
312444430,Astrophysics for Young People in a Hurry,1,"Tyson, Neil deGrasse",Author,"Mone, Gregory",Contributor,"Norton Young Readers (2019), Edition: 1, 192 pages",2019,,,,,Astrophysics for Young People in a Hurry by Neil deGrasse Tyson (2019),Paperback,,,,,,,,,,,,,,"science, juvenile nonfiction, astrophysics, young adult, physics, kids, astronomy",,English,English,QB461 .T9725,[0393356507],"[0393356507, 9780393356502]",,523.01,Astronomy > Astrophysics > Astrophysics > Natural sciences & mathematics > Specific celestial bodies and phenomena,,1,amazon.com,2026-04-26,,,22498052,,,,,$11.95 (USD),,,,
312444432,Charlie And the Great Glass Elevator,1,"Dahl, Roald",Author,,,Penguin (2016),2016,,,,,Charlie And the Great Glass Elevator by Roald Dahl (2016),Paperback,,,,,,,,,,,,,,"fiction, fantasy, children's, children, adventure, Roald Dahl, humor, children's literature, children's fiction, children's books, young adult, classics, juvenile, kids, Willy Wonka, science fiction",,English,English,PZ7 .C,[0141371366],"[0141371366, 9780141371368]",Children's stories|Humorous Stories|Humorous stories|Outer space > Fiction|Science Fiction|Science fiction|humorous stories|science fiction,823.914,1900- > 1901-1999 > 1945-1999 > English & Old English literatures > English fiction > Literature & rhetoric,,1,amazon.com all media,2026-04-26,,,28660,,,,,,,,,
312444435,A Little Princess,3,"Burnett, Frances Hodgson",Author,,,"Fingerprint! Publishing (2018), 244 pages",2018,,,,,A Little Princess by Frances Hodgson Burnett (2018),Paperback,,,,,,,,,,,,,,"children's literature, orphans, historical fiction, England, fiction, classics, children's classics, literature, young adult",,English,English,PZ7 .B934 .L,[9388369084],"[9388369084, 9789388369084]","Boarding schools > Fiction|Great Britain > History > Victoria, 1837-1901 > Fiction|London (England) > Fiction|London (England) > Social life and customs > 19th century > Fiction|Orphans > Fiction|Schools > FIction|Schools > Fiction|Schools > fiction",813.4,American fiction in English > American literature in English > Later 19th Century 1861-1900 > Literature & rhetoric,,1,amazon.com books,2026-04-26,,,1474,,,,,$5.99 (USD),,,,
312444436,One And Only Bob,1,"Applegate, Katherine",Author,,,HarperCollinsChi ldren’sBooks,,,,,,One And Only Bob by Katherine Applegate,Paperback,,,,,,,,,,,,,,"animals, fiction, fantasy, dogs, friendship, gorillas, hurricanes, juvenile fiction, zoo",,English,English,PZ7 .A6483 .O,[0008390665],"[0008390665, 9780008390662]",,813.54,1900-1999 > 1945-1999 > American fiction in English > American literature in English > Literature & rhetoric,,1,amazon.com all media,2026-04-26,,,23850616,,,,,,,,,
312444440,Wings of Fire Book One: The Dragonet Prophecy,1,"Sutherland, Tui T.",Author,,,"Scholastic Press (2013), Edition: Reprint, 336 pages",2013,,,,,Wings of Fire Book One: The Dragonet Prophecy by Tui T. Sutherland (2013),Paperback,,,,,,,,,,,,,,"fantasy, dragons, fiction, adventure, middle grade, young adult, prophecy, war, friendship, fantasy fiction, juvenile fiction, magic, kids",,English,English,PZ7 .S96694 .D,[0545349230],"[0545349230, 9780545349239]",,813.6,2000- > American fiction in English > American literature in English > Literature & rhetoric,,1,amazon.com,2026-04-26,,,12273066,,,,,$7.99 (USD),,,,
312444445,The Wind In The Willows,5,"Grahame, Kenneth",Author,,,"Fingerprint! Publishing (2019), 200 pages",2019,,,,,The Wind In The Willows by Kenneth Grahame (2019),Paperback,,,,,,,,,,,,,,"fiction, children's, fantasy, animals, classics, children's literature, children's fiction, children's books, England, children's classics, British, adventure, 20th century",,English,English,PZ7 .G75266 .W,[9389432456],"[9389432456, 9789389432459]","Amitié > Romans, nouvelles, etc. pour la jeunesse|Animal stories > England > 1996|Animals > Fiction|Animals > Folklore|Animals > Juvenile Fiction|Animals > Juvenile fiction|Animals > Stories|Animaux > Romans, nouvelles, etc. pour la jeunesse|Children's books > England > 1996|Cloth case bindings > England > 1996|Country life > Juvenile fiction|English fiction Children's stories|Fantasy|Friendship > Fiction|Friendship > Juvenile fiction|Juvenile literature|Machine-made papers > Mohawk Superfine > England > 1996|Riparian areas > Juvenile fiction|Roman (upright typeface group) > Dante > England > 1996|Silk (textile) bindings > England > 1996|Stories for children|Toad of Toad Hall (Fictitious character) > Juvenile fiction|Wove paper > Ibis Wove > England > 1996|fantasy|juvenile literature",823.8,1837-1899 > English & Old English literatures > English fiction > Literature & rhetoric,,1,amazon.com all media,2026-04-26,,,1534,,,,,$5.99 (USD),,,,
312444446,End Times: A Brief Guide to the End of the World,1,"Walsh, Bryan",Author,,,"Hachette Books (2019), 416 pages",2019,,,,,End Times: A Brief Guide to the End of the World by Bryan Walsh (2019),Hardcover,,,,,,,,,,,,,,"science, climate change, extinction, apocalypse, future, artificial intelligence, technology, environment, survival, threats, politics",,English,English,QB638.8 .W35,[031644961X],"[031644961X, 9780316449618]",,576.84,Biology > Cycles > Evolution > Genetics and evolution > Natural sciences & mathematics,,1,amazon.com books,2026-04-26,,,23344730,,,,,$29 (USD),,,,
312444447,Boy At The Back Of The Class,1,"Raúf, Onjali Q.",Author,,,"HACHETTE INTL (2018), 320 pages",2018,,,,,Boy At The Back Of The Class by Onjali Q. Raúf (2018),Paperback,,,,,,,,,,,,,,"fiction, friendship, immigration, mystery, realistic fiction, refugees, refugee, Syria, war, school, middle grade, British, children, children's fiction, school stories, Syrian",,English,English,PZ7.1 .R378,[1510105018],"[1510105018, 9781510105010]",,823.92,1900- > 2000- > English & Old English literatures > English fiction > Literature & rhetoric,,1,amazon.com books,2026-04-26,,,22410103,,,,,,,,,
312444448,Aru Shah and the Tree of Wishes,1,"Chokshi, Roshani",Author,,,"Scholastic (2020), Edition: 1, 320 pages",2020,,,,,Aru Shah and the Tree of Wishes by Roshani Chokshi (2020),Ebook,,,,,,,,,,,,,,"fantasy, adventure, retelling, fiction, Indian mythology, Hindu mythology, middle grade, Hinduism, India, young adult, urban fantasy, children's, magic, children, sisters",,,English,PZ7.1 .C54,,,,813.6,2000- > American fiction in English > American literature in English > Literature & rhetoric,,1,amazon uk all media,2026-04-26,,,24107320,,,,,,,,,
312444449,Ikigai for Teens: Finding Your Reason for Being,1,"García, Héctor",Contributor,"Miralles, Francesc|Calvert, Russell",Contributor|Translator,"Scholastic Press (2021), 176 pages",2021,,,,,Ikigai for Teens: Finding Your Reason for Being by Héctor García (2021),Hardcover,,,,,,,,,,,,,,"self-help, philosophy, Japanese culture, personal development, personal growth, teenagers, mental health, motivation, wellness",,English,English,RA776.75 .G37213,[1338670832],"[1338670832, 9781338670837]",,613,Medicine & health > Personal health and safety > Technology,,1,amazon.com books,2026-04-26,,,26920234,,,,,$17.99 (USD),,,,
312444452,Me and the Robbersons,1,,,,,,,,,,,Me and the Robbersons,Paperback,,,,,,,,,,,,,,"middle grade, adventure, children's fiction, humor, family, fantasy, bandits, coming of age",,English,English,,[1788953177],"[1788953177, 9781788953177]",,894.54134,"2000– > Finnic languages > Finnish > Finnish fiction > Finno-Ugric languages > Literature & rhetoric > Literatures of Altaic, Uralic, Hyperborean, Dravidian languages; literatures of miscellaneous languages of south Asia > Literatures of other languages",,1,amazon.com books,2026-04-26,,,26678026,,,,,,,,,
312444457,"The Lion, the Witch and the Wardrobe (The Chronicles of Narnia)",5,"Lewis, C S",Author,,,HARPER COLLINS PUBLISHERS (2010),2010,,,,,"The Lion, the Witch and the Wardrobe (The Chronicles of Narnia) by C S Lewis (2010)",Paperback,,,,,,,208 ,,,,,,,"Chronicles of Narnia, C.S. Lewis, Narnia, fantasy, fiction, classic, young adult, children's literature, children's fiction",,English,English,PZ7 .L58474 .L,[0007363664],"[0007363664, 9780007363667]","Children > Fiction|Children's stories|Children\'s stories|Fairy tales > Juvenile sound recordings|Fantasy|Fantasy > Juvenile sound recordings|Fantasy fiction, English|Good and evil > Fiction|Lewis, C. S. (Clive Staples), 1898-1963. Chronicles of Narnia|Narnia (Imaginary place) > Fiction|Ranta Collection > Fiction|fantasy",823.087661,Adventure fiction > By type > English & Old English literatures > English fiction > Fantasy fiction > Genre fiction > High fantasy > Literature & rhetoric > Speculative fiction,,1,amazon.com,2026-04-26,,,1182675,,,,,,,,,
312444471,"Harry Potter and the Sorcerer's Stone (Harry Potter, Book 1) (MinaLima Edition) (Interactive Illustrated Edition) (1)",1,"Rowling, J. K.",Author,Minalima Design,Illustrator,"Scholastic Inc. (2020), Edition: Illustrated, 368 pages",2020,,,,,"Harry Potter and the Sorcerer's Stone (Harry Potter, Book 1) (MinaLima Edition) (Interactive Illustrated Edition) (1) by J. K. Rowling (2020)",Hardcover,,,,,,,,,,,,,,"fantasy, fiction, Harry Potter, wizards, adventure, children's literature, children, witches, England, friendship, J.K. Rowling, British",,English,English,PJ5124,[1338596705],"[1338596705, 9781338596700]",,823.92,1900- > 2000- > English & Old English literatures > English fiction > Literature & rhetoric,,1,amazon.com books,2026-04-26,,,5403381,,,,,$37.99 (USD),,,,
312444475,Four: A Divergent Collection (Divergent Series Story),1,"Roth, Veronica",Author,,,"Katherine Tegen Books (2016), Edition: Reprint, 320 pages",2016,,,,,Four: A Divergent Collection (Divergent Series Story) by Veronica Roth (2016),Paperback,,,,,,,,,,,,,,"science fiction, dystopian, young adult, dystopia, fantasy, short stories, romance, Divergent, Divergent Series, young adult fiction, adventure, teen, action, veronica roth, post-apocalyptic",,English,English,PZ7 .R7375 .F,[0062421360],"[0062421360, 9780062421364]",,813.6,2000- > American fiction in English > American literature in English > Literature & rhetoric,,1,amazon.com,2026-04-26,,,14213167,,,,,$12.99 (USD),,,,
312444476,Once There Was,1,"Monsef, Kiyash",Author,,,"Simon Schuster Children's UK (2023), 416 pages",2023,,,,,Once There Was by Kiyash Monsef (2023),Hardcover,,,,,,,,,,,,,,"coming of age, Iran, family, magical creatures, mystery, Iranian American, folktales, young adult, magic, fiction, animals, fantasy, grief",,English,English,PZ7.1 .M63994,[1398520403],"[1398520403, 9781398520400]",,813.00,American fiction in English > American literature in English > By type > Literature & rhetoric,,1,amazon.com all media,2026-04-26,,,28680106,,,,,,,,,
312444478,The Sorceress,5,"Scott, Michael",Author,,,Corgi Childrens (2001),2001,,,,,The Sorceress by Michael Scott (2001),Paperback,512 p.; 7.64 inches,0.79 pounds,7.64 inches,1.34 inches,5.04 inches,7.64 x 5.04 x 1.34  inches,512 ,,,,,,,"fantasy, alchemy, science fiction, urban fantasy, action, Nicholas Flamel, fiction, young adult, supernatural, young adult fiction, magic, adventure, twins, vampires, teen",,English,English,PZ7 .S42736 .S,[0552557242],"[0552557242, 9780552557245]",,823.914,1900- > 1901-1999 > 1945-1999 > English & Old English literatures > English fiction > Literature & rhetoric,,1,amazon.com,2026-04-26,,,6326424,,,,,,,,,
312444480,"Boy, the Mole, the Fox, and the Horse",1,,,,,"HarperOne (October 22, 2019)",,,,,,"Boy, the Mole, the Fox, and the Horse",Paper Book,,,,,,,,,,,,,,"fiction, graphic novel, philosophy, friendship, children's, animals, picture book, inspirational, children, kindness, children's literature, children's books",,,English,PN6737 .M35 .B69,[0063018438],"[0063018438, 9780063018433]",,741.5,"Arts & recreation > Comic books, graphic novels, fotonovelas, cartoons, caricatures, comic strips > Drawing & decorative arts > Drawing and drawings",,1,amazon.com books,2026-04-26,,,23200530,,,,,,,,,
312444481,The Midnight Gang,5,"Walliams, David",Author,,,"Harper Collins (2018), Edition: ePub edition",2018,,,,,The Midnight Gang by David Walliams (2018),Paperback,,,,,,,,,,,,,,"fiction, humor, adventure, fantasy, children, Junior Fiction, children's literature, children's books",,English,English,PZ7 .W3665,[0008164622],"[0008164622, 9780008164621]",,823.92,1900- > 2000- > English & Old English literatures > English fiction > Literature & rhetoric,,1,amazon.com,2026-04-26,,,18718691,,,,,,,,,
312444482,Theodore Boone: The Accused,1,"Grisham, John",Author,,,"Puffin Books (2013), 271 pages",2013,,,,,Theodore Boone: The Accused by John Grisham (2013),Paperback,,,,,,,,,,,,,,"fiction, mystery, crime, thriller, young adult, lawyers, John Grisham, legal thriller, juvenile fiction, law, theft, harassment, legal fiction, suspense",,English,English,PZ7 .G88788 .T,[014242613X],"[014242613X, 9780142426135]",,813.6,2000- > American fiction in English > American literature in English > Literature & rhetoric,,1,amazon.com,2026-04-26,,,12247206,,,,,$8.99 (USD),,,,
312444483,We Are the Smurfs: Our Brave Ways! (We Are the Smurfs Book 4): A Graphic Novel,1,Peyo,Author,,,"Harry N. Abrams (2025), 112 pages",2025,,,,,We Are the Smurfs: Our Brave Ways! (We Are the Smurfs Book 4): A Graphic Novel by Peyo (2025),Paperback,,,,,,,,,,,,,,"graphic novel, graphic novels, Comics & Graphic Novels, comics, comic, comic book, comic books, children's literature, children's, children's fiction, children, children's books, smurfs, fantasy, fantasy fiction",,English,English,,[1419771035],"[1419771035, 9781419771033]",,,,,1,amazon canada books,2026-04-26,,,35399241,,,,,,,,,
312444485,Percy Jackson and the Olympians: Wrath of the Triple Goddess,1,"Rick, Riordan",Author,,,"PENGUIN (2024), 322 pages",2024,,,,,Percy Jackson and the Olympians: Wrath of the Triple Goddess by Riordan Rick (2024),Paperback,,,,,,,,,,,,,,"fantasy, Greek mythology, fiction, Percy Jackson, Percy Jackson and the Olympians, Halloween, Greek, magic, action, friendship, greek gods, Rick Riordan, Riordan",,English,English,PZ7 .R4829 .W,[0241691702],"[0241691702, 9780241691700]",,813.6,2000- > American fiction in English > American literature in English > Literature & rhetoric,,1,amazon.com books,2026-04-26,,,31676530,,,,,,,,,
312444487,Percy jackson and the olympians: the chalice of the gods,1,"Riordan, Rick",Author,,,"PENGUIN (2023), 400 pages",2023,,,,,Percy jackson and the olympians: the chalice of the gods by Rick Riordan (2023),Paperback,,,,,,,,,,,,,,"fantasy, fiction, Greek mythology, Percy Jackson, Percy Jackson and the Olympians, Greek, urban fantasy, gods, Rick Riordan, quest, friendship, action",,English,English,PZ7 .R4829 .C,[0241647568],"[0241647568, 9780241647561]",,813.6,2000- > American fiction in English > American literature in English > Literature & rhetoric,,1,amazon.com books,2026-04-26,,,29714877,,,,,,,,,
312444489,The Unbreakable Code (The Book Scavenger series),5,"Bertman, Jennifer Chambliss",Author,,,"Square Fish (2018), Edition: Reprint, 384 pages",2018,,,,,The Unbreakable Code (The Book Scavenger series) by Jennifer Chambliss Bertman (2018),Paperback,,,,,,,,,,,,,,"mystery, San Francisco, fiction, puzzles, codes, Mark Twain, adventure, middle grade, California, friendship, games, Tom Sawyer, detective, books about books",,English,English,PZ7.1 .C43 .U,[1250158397],"[1250158397, 9781250158390]",,813.6,2000- > American fiction in English > American literature in English > Literature & rhetoric,,1,amazon.com,2026-04-26,,,17711367,,,,,$7.99 (USD),,,,
312444490,The Story of Ruth Bader Ginsburg: An Inspiring Biography for Young Readers (The Story of Biographies),5,"Katz, Susan B.",Author,,,"Callisto Kids (2020), 62 pages",2020,,,,,The Story of Ruth Bader Ginsburg: An Inspiring Biography for Young Readers (The Story of Biographies) by Susan B. Katz (2020),Paperback,,,,,,,,,,,,,,"biography, women's history, Supreme Court, feminism, history, children's non-fiction",,English,English,K389 .S767,[1646110110],"[1646110110, 9781646110117]",,347.73,Civil procedure and courts of the United States > Law > North America > Procedure and courts > Social sciences,,1,amazon.com books,2026-04-26,,,24276687,,,,,$6.99 (USD),,,,
312444495,The Diary of a Young Girl,5,"Frank, Anne",Author,,,"Pocket Books (2000), Edition: 1st THUS, 258 pages",2000,,,,,The Diary of a Young Girl by Anne Frank (2000),Paperback,258 p.; 6.6 inches,0.1 pounds,6.6 inches,0.8 inches,4 inches,6.6 x 4 x 0.8  inches,258 ,,,,,,,"WWII, Holocaust, diary, biography, history, autobiography, memoir, Anne Frank, war, classics, Netherlands, classic, Jews, Jewish, Amsterdam, 20th century",,English,English,D810 .J4 .F715,[067182449X],"[067182449X, 9780671824495]","Amsterdam (Netherlands) > Ethnic relations|Frank, Anne, 1929-1945|Frank, Anne, 1929-1945 > Diaries|Holocaust, Jewish (1939-1945) > Amsterdam > Personal narratives|Holocaust, Jewish (1939-1945) > Netherlands > Amsterdam > Personal narratives|Holocaust, Jewish (1939-1945) > Netherlands > Amsterdam > Personal narratives, Jewish|Jewish girls > Amsterdam > Diaries|Jewish girls > Netherlands > Amsterdam > Diaries|Jews > Amsterdam > Diaries|Jews > Amsterdam. > Persecutions|Jews > Netherlands > Amsterdam > Biography|Jews > Netherlands > Amsterdam > Diaries|Jews > Netherlands > Amsterdam > Persecutions|Jews > Netherlands > Biography|Jews > Persecutions > Netherlands|Jews > Persecutions > Netherlands > Amsterdam|Netherlands > History > German occupation, 1940-1945|Publishers' advertisements|World War, 1939-1945 > Amsterdam. > Jews|World War, 1939-1945 > Jews|World War, 1939-1945 > Jews > Netherlands|World War, 1939-1945 > Jews > Netherlands > Amsterdam|World War, 1939-1945 > Personal narratives, Jewish",940.5318092,"1918- > Biography > History & geography > History of Europe > History of Europe > History, geographic treatment, biography > Holocaust > Social, political, economic history; Holocaust > Standard subdivisions > World War II, 1939-1945",,1,Amazon.com,2026-04-26,,,3032251,,,,,,,,,
312444498,The hidden kingdom: The graphic novel,5,"Deutsch, Barry",Author,"Holmes, Mike",Illustrator,"Graphix (2019), 224 pages",2019,,,,,The hidden kingdom: The graphic novel by Barry Deutsch (2019),Paperback,,,,,,,,,,,,,,"fiction, humor, graphic novel, Captain Underpants, time travel, comedy, superhero, humorous fiction",,English,English,PZ7 .P63123 .C,[1338344056],"[1338344056, 9781338344059]",,813.6,2000- > American fiction in English > American literature in English > Literature & rhetoric,,1,amazon.com,2026-04-26,,,13129982,,,,,$12.99 (USD),,,,
312444501,The Hidden Kingdom (Wings of Fire Graphic Novel #3): A Graphix Book,5,"Sutherland, Tui T.",Author,"Holmes, Mike",Illustrator,"Graphix (2019), 224 pages",2019,,,,,The Hidden Kingdom (Wings of Fire Graphic Novel #3): A Graphix Book by Tui T. Sutherland (2019),Paperback,,,,,,,,,,,,,,"graphic novel, fantasy, dragons, fiction, graphic novels, dragon, adventure, Comics & Graphic Novels, Junior Fiction",,English,English,PZ7.7 .D507 .H,[1338344056],"[1338344056, 9781338344059]",,741.5,"Arts & recreation > Comic books, graphic novels, fotonovelas, cartoons, caricatures, comic strips > Drawing & decorative arts > Drawing and drawings",,1,amazon.com,2026-04-26,,,23227692,,,,,$12.99 (USD),,,,
312444506,The Bad Beginning (A Series of Unfortunate Events #1),5,"Snicket, Lemony",Author,"Helquist, Brett",Illustrator,"HarperCollins (1999), 162 pages",1999,,,,,The Bad Beginning (A Series of Unfortunate Events #1) by Lemony Snicket (1999),Hardcover,162 p.; 7.1 inches,0.55 pounds,7.1 inches,0.8 inches,5 inches,7.1 x 5 x 0.8  inches,162 ,,,,,,,"fiction, children's, fantasy, orphans, mystery, humor, adventure, young adult, children, Lemony Snicket, children's fiction, children's literature, siblings, juvenile, family, middle grade",,English,English,PZ7 .S6795 .B,[0064407667],"[0064407667, 9780064407663]","Baudelaire, Klaus (Fictitious character) > Juvenile fiction|Baudelaire, Sunny (Fictitious character) > Juvenile fiction|Baudelaire, Violet (Fictitious character) > Juvenile fiction|Brothers and sisters > Fiction|Brothers and sisters > Juvenile fiction|Children's stories|Humorous Stories|Humorous stories|Orphans > Fiction|Orphans > Juvenile fiction|humorous stories",813.54,1900-1999 > 1945-1999 > American fiction in English > American literature in English > Literature & rhetoric,,1,amazon.com,2026-04-26,,,1748,"Chhaparwal, Ahaan",Checked out,2026-05-10,2026-06-12,$13.99 (USD),,,,
312444509,Esio Trot,1,"Dahl, Roald",Author,,,Penguin (2016),2016,,,,,Esio Trot by Roald Dahl (2016),Paperback,,,,,,,,,,,,,,"fiction, fantasy, turtles, Dahl, children's, tortoise, children's books, juvenile, humor, animals, romance, Roald Dahl, children's literature, children's fiction, children, love",,English,English,PZ7 .E,[0141371390],"[0141371390, 9780141371399]",Bashfulness > Juvenile fiction|Children's stories|Humorous stories|Size > Fiction|Testudinidae > Juvenile fiction|Turtles > Fiction|humorous stories,823.914,1900- > 1901-1999 > 1945-1999 > English & Old English literatures > English fiction > Literature & rhetoric,,1,amazon.com books,2026-04-26,,,1104713,,,,,,,,,
312444513,Eldest,1,"Paolini, Christopher",Author,,,"Corgi Childrens (2006), Edition: 1st Corgi Edition, 704 pages",2006,,,,,Eldest by Christopher Paolini (2006),Paperback,704 p.; 7.56 inches,1.01 pounds,7.56 inches,1.89 inches,5.04 inches,7.56 x 5.04 x 1.89  inches,704 ,,,,,,,"fantasy, fiction, dragons, young adult, magic, adventure, elves, Inheritance Cycle, Eragon, dragon, inheritance, dwarves, high fantasy, science fiction, children's, young adult fiction",,English,English,PZ7 .P19535 .E,[0552552119],"[0552552119, 9780552552110]",Dragons > Fiction|Dragons > Juvenile fiction|Fantasy|Fantasy fiction|Imaginary places > Fiction|Imaginary places > Juvenile fiction|Youths' writings|Youths\' writings|fantasy|fantasy fiction,813.6,2000- > American fiction in English > American literature in English > Literature & rhetoric,,1,Amazon.com,2026-04-26,,,6517,,,,,,,,,
312444514,"How to Be Good at Science, Technology, and Engineering",1,DK,Author,,,"DK Children (2018), 320 pages",2018,,,,,"How to Be Good at Science, Technology, and Engineering by DK (2018)",Paperback,,,,,,,,,,,,,,"science, STEM, experiments, education, technology",,English,English,Q163 .D56,[1465473599],"[1465473599, 9781465473592]",,500,Natural sciences & mathematics > Natural sciences and mathematics > Science,,1,amazon.com,2026-04-26,,,22433647,,,,,$19.99 (USD),,,,
312444519,"The Maze Runner 3. The Death Cure. Movie Tie-In [Paperback] [Jan 04, 2018] James Dashner",5,"Dashner, James",Author,,,"Scholastic (2018), 368 pages",2018,,,,,"The Maze Runner 3. The Death Cure. Movie Tie-In [Paperback] [Jan 04, 2018] James Dashner by James Dashner (2018)",Paperback,,,,,,,,,,,,,,"science fiction, young adult, fiction, dystopia, Maze Runner, adventure, post-apocalyptic, survival, young adult fiction, Maze Runner Series, James Dashner, thriller, action",,English,English,PZ7 .D2587 .D,[1910655910],"[1910655910, 9781910655917]",,813.6,2000- > American fiction in English > American literature in English > Literature & rhetoric,,1,amazon.com books,2026-04-26,,,10838342,,,,,,,,,
312444520,Gargantis (The Legends of Eerie-on-Sea),1,"Taylor, Thomas",Author,"Taylor, Thomas",Illustrator,"Walker Books (2020), 352 pages",2020,,,,,Gargantis (The Legends of Eerie-on-Sea) by Thomas Taylor (2020),Paperback,,,,,,,,,,,,,,"fantasy, fiction, adventure, monsters, fairy, horror, mystery, magic",,English,English,PZ7 .T285,[1406386294],"[1406386294, 9781406386295]",,823.92,1900- > 2000- > English & Old English literatures > English fiction > Literature & rhetoric,,1,amazon uk books,2026-04-26,,,23939243,,,,,,,,,
312444521,"Mushroom Miscellany: An Illustrated Guide Featuring Fun Facts, Mushroom Profiles, Recipes & More",1,"Nozedar, Adele",Author,,,"William Collins (2024), 144 pages",2024,,,,,"Mushroom Miscellany: An Illustrated Guide Featuring Fun Facts, Mushroom Profiles, Recipes & More by Adele Nozedar (2024)",Hardcover,,,,,,,,,,,,,,"mushrooms, nature, cooking, illustrated guide, food",,English,English,QK617 .S79,[0008714428],"[0008714428, 9780008714420]",,579.6163,"Biology > Mushrooms > Natural history of microorganisms, fungi, algae > Natural sciences & mathematics",,1,amazon.com books,2026-04-26,,,34255095,,,,,$16.99 (USD),,,,
312444529,Sherlock Holmes: A Study in Scarlet,1,"Doyle, Arthur Conan, Sir",Author,,,Sharon Pubns (1981),1981,,,,,"Sherlock Holmes: A Study in Scarlet by Arthur Conan Doyle, Sir (1981)",Hardcover,,,,,,,204 ,,,,,,,"mystery, fiction, Sherlock Holmes, classics, detective, London, England, 19th century, crime, British literature, Victorian, Mormon, crime fiction, English literature, British",,English,English,PR4622 .S76,[0895310554],"[0895310554, 9780895310552]","Detective and mystery stories|Detective and mystery stories, English|England > Fiction|England > fiction|English fiction > 20th century|Fiction in English|Holmes, Sherlock (Fictitious character)|Holmes, Sherlock (Fictitious character) > Fiction|Mystery fiction|Private investigators > England > Fiction",823.912,1900- > 1901-1945 > 1901-1999 > English & Old English literatures > English fiction > Literature & rhetoric,,1,amazon.com,2026-04-26,,,12330,,,,,$3.95 (USD),,,,
312444530,The Night Diary,5,"Hiranandani, Veera",Author,,,"Puffin Books (2019), Edition: Reprint, 288 pages",2019,,,,,The Night Diary by Veera Hiranandani (2019),Paperback,,,,,,,,,,,,,,"historical fiction, India, Pakistan, refugees, partition, immigration, refugee",,English,English,PZ7 .H5977325 .N,[0735228523],"[0735228523, 9780735228528]",,813.6,2000- > American fiction in English > American literature in English > Literature & rhetoric,,1,amazon.com,2026-04-26,,,20640732,,,,,$8.99 (USD),,,,
312444532,The Giver (Graphic Novel),5,"Lowry, Lois",Author,"Russell, P. Craig",Illustrator,"HMH Books for Young Readers (2019), 192 pages",2019,,,,,The Giver (Graphic Novel) by Lois Lowry (2019),Ebook,,,,,,,,,,,,,,"graphic novel, science fiction, dystopia, fiction, fantasy, utopia, memory, apocalypse, comics",,English,English,PZ7.7 .R87 .G,[1328631826],"[1328631826, 9781328631824]",,741.5,"Arts & recreation > Comic books, graphic novels, fotonovelas, cartoons, caricatures, comic strips > Drawing & decorative arts > Drawing and drawings",,1,amazon.com books,2026-04-26,,,23526063,,,,,$12.99 (USD),,,,
312444533,The Boy Who Got Accidentally Famous,5,,,,,,,,,,,The Boy Who Got Accidentally Famous,Paperback,,,,,,,,,,,,,,"humor, children's, friendship, fame, school, television, middle grade",,English,English,,[0008334277],"[0008334277, 9780008334277]",,823.00,By type > English & Old English literatures > English fiction > Literature & rhetoric,,1,amazon.com all media,2026-04-26,,,28753365,,,,,,,,,
312444541,Jonathan Livingston Seagull: The Complete Edition,1,"Bach, Richard",Author,"Munson, Russell",Photographer,"Scribner (2014), Edition: Reissue, 144 pages",2014,,,,,Jonathan Livingston Seagull: The Complete Edition by Richard Bach (2014),Paperback,,,,,,,,,,,,,,"philosophy, spirituality, inspirational, literature, allegory, seagulls, spiritual, American literature",,English,English,PS3552 .A255 .J6,[147679331X],"[147679331X, 9781476793313]",Animal films and programs|Gulls > Drama|Gulls > Fiction|Large Type Books|Large type books,813.54,1900-1999 > 1945-1999 > American fiction in English > American literature in English > Literature & rhetoric,,1,amazon.com books,2026-04-26,,,16387,,,,,$15 (USD),,,,
312444543,Magicalia: Race of Wonders,1,"Bell, Jennifer",Author,,,"Walker Books Ltd (2024), 352 pages",2024,,,,,Magicalia: Race of Wonders by Jennifer Bell (2024),Paperback,,,,,,,,,,,,,,"fantasy, adventure, magical realism, magic, magical creatures",,English,English,PZ7.1 .B452,[152950614X],"[152950614X, 9781529506143]",,823.00,By type > English & Old English literatures > English fiction > Literature & rhetoric,,1,amazon.com books,2026-04-26,,,32312573,,,,,,,,,
312444544,The Extraordinary Education of Nicholas Benedict (The Mysterious Benedict Society),5,"Stewart, Trenton Lee",Author,"Sudyka, Diana",Illustrator,"Little, Brown Books for Young Readers (2012), Edition: 1, 480 pages",2012,,,,,The Extraordinary Education of Nicholas Benedict (The Mysterious Benedict Society) by Trenton Lee Stewart (2012),Hardcover,,,,,,,,,,,,,,"mystery, children's, children, Mysterious Benedict Society, children's literature, fiction, young adult, bullying, adventure, fantasy, middle grade, orphans, juvenile fiction, friendship, narcolepsy, kids",,English,English,PZ7 .S8513 .E,[0316176192],"[0316176192, 9780316176194]",,813.6,2000- > American fiction in English > American literature in English > Literature & rhetoric,,1,amazon.com,2026-04-26,,,12197415,,,,,$33 (USD),,,,
312444545,Chronicles of Whetherwhy - The age of enchantment,5,"James, Anna",,,,"London : HarperCollins Children's Books, 2024.",2024,,,,,Chronicles of Whetherwhy - The age of enchantment by Anna James (2024),Paperback,,,,,,,,jb202403731,,,,,,"fantasy, magic, young adult, adventure, fiction, coming of age, bookbinding, twins, secret societies, magic school, mystery, sibling relationship",,,,PZ7.1 .J3847,[9780008611583],"[9780008611583, 0008611580]",,823.92,1900- > 2000- > English & Old English literatures > English fiction > Literature & rhetoric,,1,"State Library of Queensland (South Brisbane, QLD)",2026-04-26,,,32856972,,,,,,,,,
312444548,The World's Worst Children 2,5,"Walliams, David",Author,,,"HARPER COLLINS (2017), Edition: Amazon Kindle edition",2017,,,,,The World's Worst Children 2 by David Walliams (2017),Paperback,,,,,,,,,,,,,,"humor, fiction, children's books, short stories, children's literature, children's fiction, British author, British",,English,English,PZ7 .W1593357,[0008259674],"[0008259674, 9780008259679]",,823.92,1900- > 2000- > English & Old English literatures > English fiction > Literature & rhetoric,,1,amazon.com,2026-04-26,,,19605897,,,,,,,,,
312444549,"Sapiens a Graphic History, Volume 3",1,"Harari, Yuval Noah",Author,,,PENGUIN UK (2024),2024,,,,,"Sapiens a Graphic History, Volume 3 by Yuval Noah Harari (2024)",Hardcover,,,,,,,,,,,,,,"history, graphic novel, comics, sociology, social commentary, globalization, randomness, cycles, cultural studies, empires, Shinto, Buddhism, humor, politics, cultural conflict",,English,English,CB113 .H4 .H37513,[191171726X],"[191171726X, 9781911717263]",,909,History > History & geography > World history,,1,amazon.com all media,2026-04-26,,,33421812,,,,,,,,,
312444551,THE GREATEST GOAN STORIES EVER TOLD,5,"Shetty, Manohar",Author,,,"Aleph Book Company (2022), 320 pages",2022,,,,,THE GREATEST GOAN STORIES EVER TOLD by Manohar Shetty (2022),Hardcover,,,,,,,,,,,,,,"short stories, Goa, Indian literature, Portuguese literature, literary fiction, fiction, contemporary fiction, multicultural",,English,English,PR9498.2 .G6 .G74,[939385212X],"[939385212X, 9789393852120]",,823.0108,By type > Collections > English & Old English literatures > English fiction > Literature & rhetoric > Short stories,,1,amazon.com books,2026-04-26,,,29813740,,,,,,,,,
312444552,The Sun and the Star,5,"Riordan, Rick",Author,"Oshiro, Mark",Author,"Disney Hyperion (2023), 480 pages",2023,,,,,The Sun and the Star by Rick Riordan (2023),Hardcover,,,,,,,,,,,,,,"fantasy, fiction, young adult, Greek mythology, queer, Percy Jackson, adventure, LGBTQ, middle grade, Rick Riordan, romance, Greek, urban fantasy",,English,English,PZ7 .R4829 .S,[1368081150],"[1368081150, 9781368081153]",,813.6,2000- > American fiction in English > American literature in English > Literature & rhetoric,,1,amazon.com books,2026-04-26,,,29027734,,,,,$19.99 (USD),,,,
312444555,Bringing Back Kay-Kay,1,"Kothari, Dev",Author,,,"Walker Books Ltd (2024), 304 pages",2024,,,,,Bringing Back Kay-Kay by Dev Kothari (2024),Paperback,,,,,,,,,,,,,,"young adult, sibling relationships, mystery, family dynamics, contemporary fiction, family relationships, coming of age, adventure, India, loss, family",,English,English,PZ7.1 .K6826,[1529516048],"[1529516048, 9781529516043]",,823.00,By type > English & Old English literatures > English fiction > Literature & rhetoric,,1,amazon.com books,2026-04-26,,,31574201,,,,,,,,,
312444559,The Vedas and Upanishads for Children,5,"Pai, Roopa",Author,,,"Hachette India (2019), 272 pages",2019,,,,,The Vedas and Upanishads for Children by Roopa Pai (2019),Paperback,,,,,,,,,,,,,,"religion, Hinduism, children's books, Indian culture, children's literature, spirituality, ancient texts, kids, educational",,English,English,BL1112.26,[9351952967],"[9351952967, 9789351952961]",,294.5921,Hindu scriptures > Hinduism > Other religions > Religion > Religions of Indic origin > Sacred Scriptures > Vedic literature,,1,amazon uk books,2026-04-26,,,22733869,"Chhaparwal, Ahaan",Checked out,2026-05-10,2026-06-12,$12.99 (USD),,,,
312444568,George's Marvellous Medicine,1,"Dahl, Roald",Author,,,Penguin (2016),2016,,,,,George's Marvellous Medicine by Roald Dahl (2016),Paperback,,,,,,,,,,,,,,"fiction, fantasy, humor, Roald Dahl, magic, children's fiction, medicine, Dahl, kids, juvenile fiction",,English,English,PZ7 .G,[0141371404],"[0141371404, 9780141371405]",Grandmothers > Fiction|Magic > Fiction,823.914,1900- > 1901-1999 > 1945-1999 > English & Old English literatures > English fiction > Literature & rhetoric,,1,amazon.com,2026-04-26,,,28674,,,,,,,,,
312444581,2001: A Space Odyssey,1,"Clarke, Arthur Charles Clarke Arthur C.",Author,,,Penguin Group USA (2000),2000,,,,,2001: A Space Odyssey by Arthur Charles Clarke Arthur C. Clarke (2000),Paperback,320 p.; 6.76 inches,0.34 pounds,6.76 inches,0.94 inches,4.18 inches,6.76 x 4.18 x 0.94  inches,320 ,,,,,,,"science fiction, fiction, space, classic, classics, space travel, artificial intelligence, aliens, Science Fiction/Fantasy, Arthur C. Clarke, computers, 20th century, Space Odyssey, evolution",,English,English,PZ3 .C551205 .T,[0451457994],"[0451457994, 9780451457998]","Computers > Fiction|Epic films|Human-computer interaction > Fiction|Movie novels|Outer space > Drama|Science Fiction|Science fiction|Science fiction comic books, strips, etc. > Periodicals|Space vehicles > Fiction|Twenty-first century > Fiction|Videodiscs|science fiction",823.914,1900- > 1901-1999 > 1945-1999 > English & Old English literatures > English fiction > Literature & rhetoric,,1,amazon.com,2026-04-26,,,2817510,,,,,$8.99 (USD),,,,
312444584,Inheritance: Book Four (The Inheritance cycle 4),1,"Paolini, Christopher",Author,,,"RHCP Digital (2012), Edition: 01, 897 pages",2011,,,,,Inheritance: Book Four (The Inheritance cycle 4) by Christopher Paolini (2011),Ebook,,,,,,,,,,,,,,"dragons, young adult, magic, Inheritance Cycle, dwarves, inheritance, high fantasy, young adult fiction, fantasy",,English,English,PZ7 .P19535 .I,[0552560243],"[0552560243, 9780552560245]",,813.6,2000- > American fiction in English > American literature in English > Literature & rhetoric,,1,amazon.com books,2026-04-26,,,11097287,,,,,,,,,
312444587,Space A Visual Encyclopedia,1,DK,Author,,,"DK Children (2020), Edition: New Library, 256 pages",2020,,,,,Space A Visual Encyclopedia by DK (2020),Hardcover,,,,,,,,,,,,,,"astronomy, space, science, solar system, universe, stars, galaxies, space travel, exploration, NASA, planets",,English,English,QB500.22 .S62,[1465496858],"[1465496858, 9781465496850]",,520,Astronomy > Astronomy and allied sciences > Natural sciences & mathematics,,1,amazon.com movies,2026-04-26,,,29261388,,,,,$29.99 (USD),,,,
312444589,Alone,1,"Freeman, Megan E.",Author,,,"Aladdin (2022), Edition: Reprint, 432 pages",2022,,,,,Alone by Megan E. Freeman (2022),Paperback,,,,,,,,,,,,,,"survival, fiction, middle grade, poetry, dystopian, dystopia, adventure, realistic fiction, loneliness, young adult, Junior Fiction, Colorado, science fiction",,English,English,PZ7.5 .F7446,[1534467572],"[1534467572, 9781534467576]",,813.6,2000- > American fiction in English > American literature in English > Literature & rhetoric,,1,amazon.com books,2026-04-26,,,25958973,,,,,$8.99 (USD),,,,
312444591,Good Night Stories for Rebel Girls: 100 Tales of Extraordinary women,1,"Favilli, Elena",Author,"Cavallo, Francesca",Author,"Rebel Girls (2022), 100 pages",2022,,,,,Good Night Stories for Rebel Girls: 100 Tales of Extraordinary women by Elena Favilli (2022),Paper Book,,,,,,,,,,,,,,"biography, feminism, women, children's literature, children's non-fiction",,English,English,CT3207 .F38,[1953424384],"[1953424384, 9781953424389]",,920.72,"Biography & genealogy > Biography, genealogy, insignia > History & geography > People by gender or sex > Women",,1,amazon.com books,2026-04-26,,,18687853,,,,,$35 (USD),,,,
312444592,The Fever Code,5,"Dashner, James",Author,,,SCHOLASTIC (2017),2017,,,,,The Fever Code by James Dashner (2017),Paperback,,,,,,,,,,,,,,"science fiction, Maze Runner, post-apocalyptic, Action & Adventure, children's books, YA Dystopian, survival, Maze Runner Series, young adult, dystopian, fiction, dystopia, adventure, friendship, fantasy",,English,English,PZ7 .D2587 .F,[1911077031],"[1911077031, 9781911077039]",,813.6,2000- > American fiction in English > American literature in English > Literature & rhetoric,,1,amazon.com,2026-04-26,,,15527645,,,,,,,,,
312444601,The Jungle Book,5,"Kipling, Rudyard",Author,,,"TOR (1992), Edition: First",1992,,,,,The Jungle Book by Rudyard Kipling (1992),Paperback,192 p.; 6.7 inches,0.25 pounds,6.7 inches,0.6 inches,4.2 inches,6.7 x 4.2 x 0.6  inches,192 ,,,,,,,"fiction, classics, children's literature, fantasy, jungle, English literature",,English,English,PR4854 .J6,[0812504690],"[0812504690, 9780812504699]",,823.8,1837-1899 > English & Old English literatures > English fiction > Literature & rhetoric,,1,amazon.com,2026-04-26,,,9468398,,,,,$4.99 (USD),,,,
312444610,The Casebook of Sherlock Holmes,5,"Doyle, Arthur Conan",Author,,,"Penguin (1979), Edition: paperback / softback, 254 pages",1979,,,,,The Casebook of Sherlock Holmes by Arthur Conan Doyle (1979),Paperback,,,,,,,,,,,,,,"mystery, detective, Arthur Conan Doyle, English literature, fiction, Sherlock Holmes, classic, classics, 19th century, British, crime fiction, British literature, Victorian, short stories, literature, crime",,German,English,PR4622 .C37,[0140008055],"[0140008055, 9780140008050]","Children's stories, English|Detective and mystery stories, English|Holmes, Sherlock (Fictitious character)|Holmes, Sherlock (Fictitious character) > Fiction|Mystery and Detective Stories|Mystery and Detective stories|Mystery and detective stories|Private investigators > England > Fiction|Short stories, English",823.912,1900- > 1901-1945 > 1901-1999 > English & Old English literatures > English fiction > Literature & rhetoric,,1,amazon.com,2026-04-26,,,19683,,,,,,,,,
312444617,JEH: A Life of J.R.D. Tata,1,"Dadabhoy, Baktiar K.",Author,,,"Rupa (2005), 160 pages",2005,,,,,JEH: A Life of J.R.D. Tata by Baktiar K. Dadabhoy (2005),Hardcover,,,,,,,,,,,,,,"memoir, biography, biography-memoir, history",,English,English,HC432.5 .A3,[8129106353],"[8129106353, 9788129106353]",,,,,1,amazon.com,2026-04-26,,,15020972,,,,,$64 (USD),,,,
312444618,The Bootlace Magician,5,"Beasley, Cassie",Author,,,"Puffin Books (2020), 416 pages",2020,,,,,The Bootlace Magician by Cassie Beasley (2020),Paperback,,,,,,,,,,,,,,"middle grade, young adult fantasy, children's fiction, fantasy, magic, children's literature, children's books, circus, adventure, dragons, fiction, friendship, family",,English,English,PZ7.1 .B432,[0525552642],"[0525552642, 9780525552642]",,813.6,2000- > American fiction in English > American literature in English > Literature & rhetoric,,1,amazon.com books,2026-04-26,,,23175867,,,,,$8.99 (USD),,,,
312444622,The harry potter wizarding almanac (hardback),5,"Rowling, J.K.",Author,,,"BLOOMSBURY (2023), 208 pages",2023,,,,,The harry potter wizarding almanac (hardback) by J.K. Rowling (2023),Paperback,,,,,,,,,,,,,,"Harry Potter, fantasy, magic, fiction, Hogwarts, witches, magical creatures, wizards, J.K. Rowling, wizardry",,English,English,PN1995.9 .H364 .R68,[1526646714],"[1526646714, 9781526646712]",,823.914,1900- > 1901-1999 > 1945-1999 > English & Old English literatures > English fiction > Literature & rhetoric,,1,amazon.com books,2026-04-26,,,30618863,,,,,,,,,
312444630,The Old Man and the Sea,5,"Hemingway, Ernest",Author,,,"Arrow Books (1994), 112 pages",1994,,,,,The Old Man and the Sea by Ernest Hemingway (1994),Paperback,112 p.; 6.93 inches,0.13 pounds,6.93 inches,0.39 inches,4.33 inches,6.93 x 4.33 x 0.39  inches,112 ,,,,,,,"fiction, classics, American literature, American, Hemingway, classic literature, Ernest Hemingway, adventure",,English,English,PS3515 .E37,[0099908409],"[0099908409, 9780099908401]","Aged men > Psychology > Fiction|Aged men--Cuba--Fiction|Allegories|Big game fishing > Fiction|Bildungsromane|Bildungsromans|Cuba > Fiction|Cuba--Fiction|Fiction in English|Fishers > Cuba > Fiction|Fishers > Fiction|Fishers--Cuba--Fiction|Friendship > Fiction|Friendship--Cuba|Friendship--Fiction|Hemingway, Ernest, 1899-1961. Old man and the sea|Male friendship > Fiction|Older men > Cuba > Fiction|Older men > Fiction|Older men in literature|Sea stories, American > History and criticism|fiction in English",813.52,1900-1945 > 1900-1999 > American fiction in English > American literature in English > Literature & rhetoric,,1,Amazon.com,2026-04-26,,,4933,,,,,,,,,
312444631,Masalamandi: A guide to the world of Indian spice blends,1,"Hussain, Sadaf",Author,,,"India Viking (2025), 304 pages",2025,,,,,Masalamandi: A guide to the world of Indian spice blends by Sadaf Hussain (2025),Hardcover,,,,,,,,,,,,,,"Indian cuisine, spices, cookbook, food history, Cultural Heritage, regional cooking, culinary arts, cooking",,English,English,,[0143466550],"[0143466550, 9780143466550]",,641.6383,Cooking specific materials > Field and plantation crops > Food and drink > Home economics & family management > Other crops grown for industrial processing > Spices > Technology,,1,amazon.com books,2026-04-26,,,33457844,,,,,,,,,
312444633,The Mysterious Benedict Society and the Riddle of Ages,5,"Stewart, Trenton Lee",Author,"Montoya, Manu",Artist,"Little, Brown Books for Young Readers (2020), 416 pages",2020,,,,,The Mysterious Benedict Society and the Riddle of Ages by Trenton Lee Stewart (2020),Paperback,,,,,,,,,,,,,,"mystery, adventure, fiction, fantasy, friendship, juvenile fiction, puzzles, Mysterious Benedict Society, humor, telepathy",,English,English,PZ7 .S8513 .M,[0316452629],"[0316452629, 9780316452625]",,813.6,2000- > American fiction in English > American literature in English > Literature & rhetoric,,1,amazon.com books,2026-04-26,,,23114410,,,,,$9.99 (USD),,,,
312444635,Unstoppable Us Volume 2,1,"Harari, Yuval Noah",Author,,,Puffin Books (2024),2024,,,,,Unstoppable Us Volume 2 by Yuval Noah Harari (2024),Hardcover,,,,,,,,,,,,,,"history, human evolution, evolution, science, anthropology, middle grade, Early History",,English,English,GN281 .H36282,[0241667798],"[0241667798, 9780241667798]",,599.93,"Animals (Zoology) > Genetics, sex and age characteristics, evolution > Homo sapiens > Mammals > Natural sciences & mathematics",,1,amazon.com books,2026-04-26,,,31087511,,,,,,,,,
312444636,Foxlight: Winner of the Wainwright Children's Prize 2024,1,"Balen, Katya",Author,,,"Bloomsbury Childrens Books (2024), 288 pages",2024,,,,,Foxlight: Winner of the Wainwright Children's Prize 2024 by Katya Balen (2024),Paperback,,,,,,,,,,,,,,"fantasy, sisters, coming of age, young adult, magical realism, friendship, sibling relationships, adventure, nature, sisterhood",,English,English,,[1526652102],"[1526652102, 9781526652102]",,823.92,1900- > 2000- > English & Old English literatures > English fiction > Literature & rhetoric,,1,amazon.com all media,2026-04-26,,,31637608,,,,,,,,,
312444641,The Tyrant’s Tomb (The Trials of Apollo Book 4),5,"Riordan, Rick",Author,,,"Puffin (2020), 423 pages",2020,,,,,The Tyrant’s Tomb (The Trials of Apollo Book 4) by Rick Riordan (2020),Paperback,,,,,,,,,,,,,,"fantasy, fiction, Greek mythology, young adult, adventure, middle grade, Percy Jackson, Rick Riordan, magical realism, urban fantasy, English, gods, young adult fiction, Apollo, quest",,English,English,PZ7 .R4829 .T,[014136405X],"[014136405X, 9780141364056]",,813.6,2000- > American fiction in English > American literature in English > Literature & rhetoric,,1,amazon.com books,2026-04-26,,,17568810,,,,,,,,,
312444642,"Interesting Stories for Curious Kids: A Fascinating Collection of the Most Interesting, Unbelievable, and Craziest Stories on Earth!",1,"O'Neill, Bill",Author,,,"LAK Publishing (2021), 141 pages",2021,,,,,"Interesting Stories for Curious Kids: A Fascinating Collection of the Most Interesting, Unbelievable, and Craziest Stories on Earth! by Bill O'Neill (2021)",Paperback,,,,,,,,,,,,,,"children's non-fiction, science experiments, trivia, history, science, interesting facts, short stories",,English,English,,[1648450814],"[1648450814, 9781648450815]",,808.882,"Anthologies of short prose (quotations, jokes, anecdotes, etc.) > Collections of literary texts from more than two literatures > Collections of miscellaneous writings > Literature & rhetoric > Literature, rhetoric & criticism > Rhetoric and collections of literary texts from more than two literatures",,1,amazon.com books,2026-04-26,,,28249844,,,,,,,,,
312444646,Finding Bear,1,"Gold, Hannah",Author,"Pinfold, Levi",Illustrator,"HarperCollins (2025), 368 pages",2025,,,,,Finding Bear by Hannah Gold (2025),Paperback,,,,,,,,,,,,,,"polar bears, Arctic, animal stories, adventure fiction, survival, friendship, fiction, children's fiction, adventure, family, courage, hope, animals, middle grade, bears, arctic exploration",,English,English,PZ7.1 .G6246,[0008582041],"[0008582041, 9780008582043]",,823.92,1900- > 2000- > English & Old English literatures > English fiction > Literature & rhetoric,,1,amazon.com books,2026-04-26,,,29785666,,,,,,,,,
312444673,The Hobbit: Pocket Hardback: The Classic Bestselling Fantasy Novel,5,"Tolkien, J. R. R.",Author,,,"HarperCollins (2011), Edition: Pocket edition, 336 pages",2011,,,,,The Hobbit: Pocket Hardback: The Classic Bestselling Fantasy Novel by J. R. R. Tolkien (2011),Hardcover,,,,,,,,,,,,,,"fantasy, fiction, Tolkien, Middle Earth, Lord of the Rings, hobbits, dragons, dwarves, J.R.R. Tolkien",,English,English,PR6039 .O32 .H6,[0007440847],"[0007440847, 9780007440849]","Adventure|Adventure and adventurers > Juvenile fiction|Animation|Audiobooks|Baggins, Bilbo (Fictitious character) > Drama|Baggins, Bilbo (Fictitious character) > Fiction|Children's stories|Children's stories, English|Fantastic fiction|Fantastic fiction. gsafd|Fantasy|Fantasy Fiction, English|Fantasy drama|Fantasy fiction|Fantasy fiction, English|Hobbits (Fictitious characters) > Fiction|Middle Earth (Imaginary place) > Computer games|Middle Earth (Imaginary place) > Drama|Middle Earth (Imaginary place) > Fiction|Middle Earth (Imaginary place) > Juvenile fiction|Middle Earth (Imaginary place) > Study guides|Middle Earth (Imaginary place)--Fiction|Middle earth (imaginary place) > Drama|Quests (Expeditions) > Fiction|Tolkien, J. R. R. (John Ronald Reuel), 1892-1973 > Criticism and interpretation|Tolkien, J. R. R. (John Ronald Reuel), 1892-1973. Hobbit > Study guides|Voyages and travels > Juvenile fiction|Wizards > Fiction|animation|fantastic fiction|fantasy|fantasy fiction",823.912,1900- > 1901-1945 > 1901-1999 > English & Old English literatures > English fiction > Literature & rhetoric,,1,amazon.com books,2026-04-26,,,3206242,,,,,,,,,
312444677,Going Solo,1,"Dahl, Roald",Author,,,Penguin (2016),2016,,,,,Going Solo by Roald Dahl (2016),Paperback,,,,,,,,,,,,,,"Roald Dahl, Africa, biography, WWII, war, humor, RAF",,English,English,PR6054 .A35 .Z464,[0141371412],"[0141371412, 9780141371412]","Africa, East|Authors, English|Authors, English > 20th century > Biography|Authors, English > 20th century > Biography > Juvenile literature|Authors, English > BIography|Authors, English > Biography|Authors, English > Juvenile literature|Dahl, Roald|Dahl, Roald > Juvenile literature|World War, 1939-1945 > Juvenile literature|World War, 1939-1945 > Personal narratives, British|World War, 1939-1945 > Personal narratives, British > Juvenile literature",823.914,1900- > 1901-1999 > 1945-1999 > English & Old English literatures > English fiction > Literature & rhetoric,,1,amazon.com,2026-04-26,,,28675,,,,,,,,,
312444683,When on Earth?: History as You've Never Seen It Before! (DK Where on Earth? Atlases),1,DK,Author,,,"DK Children (2015), Edition: Illustrated, 160 pages",2015,,,,,When on Earth?: History as You've Never Seen It Before! (DK Where on Earth? Atlases) by DK (2015),Hardcover,,,,,,,,,,,,,,"history, maps, geography, world history, social studies, historical events, visual guide, kids, reference, atlas, visual, timeline, historical maps, civilizations",,English,English,D21.5 .W46,[1465429409],"[1465429409, 9781465429407]",,909,History > History & geography > World history,,1,amazon.com all media,2026-04-26,,,15947622,,,,,$19.99 (USD),,,,
312444686,Keeper of the Lost Cities #9,1,"Messenger, Shannon",Author,,,"Aladdin (2023), Edition: Reprint, 768 pages",2023,,,,,Keeper of the Lost Cities #9 by Shannon Messenger (2023),Paperback,,,,,,,,,,,,,,"young adult fiction, mystery, supernatural, love triangle, elves, fantasy, fiction, young adult, adventure",,English,English,PZ7 .M5494 .S,[1534438548],"[1534438548, 9781534438545]",,741.50,"Arts & recreation > Cartoons, Caricatures, Comics > Comic books, graphic novels, fotonovelas, cartoons, caricatures, comic strips > Drawing & decorative arts > Drawing and drawings",,1,amazon.com books,2026-04-26,,,27087820,,,,,$10.99 (USD),,,,
312444687,Stellarlune,1,"Messenger, Shannon",Auteur,,,"Simon & Schuster Childrens Books (2022), 800 pages",2022,,,,,Stellarlune by Shannon Messenger (2022),Paperback,,,,,,,,,,,,,,"fantasy, fiction, young adult, adventure, magic, elves, young adult fiction, mystery, telepathy, supernatural, middle grade, love triangle, friendship",,English,,PZ7 .M5494 .S,[1471189538],"[1471189538, 9781471189531]",,741.50,"Arts & recreation > Cartoons, Caricatures, Comics > Comic books, graphic novels, fotonovelas, cartoons, caricatures, comic strips > Drawing & decorative arts > Drawing and drawings",,1,amazon france books,2026-04-26,,,27087820,,,,,,,,,
312444689,The War That Saved My Life,5,"Bradley, Kimberly Brubaker",Author,,,"Puffin Books (2016), Edition: Reprint, 352 pages",2016,,,,,The War That Saved My Life by Kimberly Brubaker Bradley (2016),Paperback,,,,,,,,,,,,,,"WWII, historical fiction, fiction, disability, war, England, abuse, family, disabilities, horses, clubfoot, history, child abuse, siblings, middle grade",,English,English,PZ7 .B7247 .W,[0147510481],"[0147510481, 9780147510488]",,813.6,2000- > American fiction in English > American literature in English > Literature & rhetoric,,1,amazon.com,2026-04-26,,,15357162,,,,,$8.99 (USD),,,,
312444702,The Adventures of Pinocchio,5,"Collodi, Carlo",Author,"Chiostri, Carlo",Illustrator,"Giunti Editore (2009), 256 pages",2009,,,,,The Adventures of Pinocchio by Carlo Collodi (2009),Other,256 p.; 7.6 inches,0.5 pounds,7.6 inches,0.7 inches,5.5 inches,7.6 x 5.5 x 0.7  inches,256 ,,,,,,,"fiction, fantasy, classics, children's, children, classic, Italian literature, children's literature, fairy tales, literature, Italy, Pinocchio, children's books, adventure",,"Italian, English",Italian,PZ8 .C7 .P,[8809018168],"[8809018168, 9788809018167]","Children's|Children's stories, Italian|Fairy tales|Fantasy|Features|Puppets > Fiction|fairy tales|fantasy",853.8,"Italian fiction > Italian, Romanian & related literatures > Later 19th century 1859–1900 > Literature & rhetoric",,1,Amazon.com,2026-04-26,,,33943,,,,,,,,,
312444703,Mr. Gedrick and Me,1,"Carman, Patrick",Author,,,"Katherine Tegen Books (2017), 224 pages",2017,,,,,Mr. Gedrick and Me by Patrick Carman (2017),Hardcover,,,,,,,,,,,,,,"fantasy, children's literature, fiction",,English,English,PZ7 .C21694,[0062421603],"[0062421603, 9780062421609]",,813.6,2000- > American fiction in English > American literature in English > Literature & rhetoric,,1,amazon.com,2026-04-26,,,20627086,,,,,$16.99 (USD),,,,
312444710,The Valley of Fear,5,"Doyle, Arthur Conan",Author,,,"Penguin Books (1991), Edition: Reprint, 192 pages",1991,,,,,The Valley of Fear by Arthur Conan Doyle (1991),Paperback,192 p.; 6.93 inches,0.26 pounds,6.93 inches,0.55 inches,4.33 inches,6.93 x 4.33 x 0.55  inches,192 ,,,,,,,"mystery, fiction, Sherlock Holmes, crime, detective, 19th century, England, crime fiction, classics, English literature, British literature, Arthur Conan Doyle, British, Hard Case Crime, literature",,English,English,PR4622 .V35,[0140057102],"[0140057102, 9780140057102]","Detective and mystery stories|Fiction in English|Holmes, Sherlock (Fictitious character) > Fiction|Moriarty, Professor (Fictitious character) > Fiction|Murder > Investigation > Fiction|Private investigators > England > Fiction|Watson, John H. (Fictitious character) > Fiction",823.8,1837-1899 > English & Old English literatures > English fiction > Literature & rhetoric,,1,Amazon.com,2026-04-26,,,15277,,,,,$6 (USD),,,,
312444711,Five Survive,1,"Holly, Jackson",Author,,,"HARPER COLLINS (2023), 400 pages",2023,,,,,Five Survive by Jackson Holly (2023),Paperback,,,,,,,,,,,,,,"mystery, thriller, fiction, young adult, murder, survival, horror, secrets, crime, friendship, suspense, mystery-thriller, road trip, teen, death, murder mystery",,English,English,PZ7.1 .J274 .F,[0008507236],"[0008507236, 9780008507237]",,823.92,1900- > 2000- > English & Old English literatures > English fiction > Literature & rhetoric,,1,amazon.com books,2026-04-26,,,28611456,,,,,,,,,
312444713,The Sudha Murty Childrens Treasury,5,"Murty, Sudha",Author,,,"Penguin Random House India (2020), 600 pages",2020,,,,,The Sudha Murty Childrens Treasury by Sudha Murty (2020),Hardcover,,,,,,,,,,,,,,"folklore, folktales, children's literature, children's, children's fiction, children, children's books, children's classics",,English,English,,[014345014X],"[014345014X, 9780143450146]",,,,,1,amazon.com books,2026-04-26,,,29778274,,,,,,,,,
312444714,The History of Science,5,"Jackson, Tom",Author,,,"Worth Press (2019), Edition: 1, 256 pages",2019,,,,,The History of Science by Tom Jackson (2019),Paperback,,,,,,,,,,,,,,"history, science, education, technology, civilization, ancient civilizations, archaeology, Renaissance",,English,English,,[1849311536],"[1849311536, 9781849311533]",,509,"History, geographic treatment, biography > Natural sciences & mathematics > Science",,1,amazon.com books,2026-04-26,,,26617470,,,,,,,,,
312444716,Tom Gates : extra special treats (not),1,"Pichon, L.",,,,"Somerville, MA : Candlewick Press, 2019.",2019,,,,,Tom Gates : extra special treats (not) by L. Pichon (2019),Hardcover,,,,,,,,2018963173,,,,,,"fiction, primary, children, comics, humor, UK, children's fiction, school, doodles",,,English,H2013,[9781536207750],"[9781536207750, 1536207756]",,823.92,1900- > 2000- > English & Old English literatures > English fiction > Literature & rhetoric,,1,"Library of Congress (Washington, DC)",2026-04-26,,,14416684,,,,,$12.99 (USD),,,,
312444718,Tom Gates Book #2: Excellent Excuses Cand Other Good Stuff,1,"Pichon, Liz",Author,,,Scholastic (2014),2014,,,,,Tom Gates Book #2: Excellent Excuses Cand Other Good Stuff by Liz Pichon (2014),Paperback,,,,,,,,,,,,,,"fiction, humor, family, school, children's fiction, children's book, journal, primary, school stories, funny, kids",,English,English,PZ7 .P55223 .E,[9351033007],"[9351033007, 9789351033004]",,823.92,1900- > 2000- > English & Old English literatures > English fiction > Literature & rhetoric,,1,amazon.com,2026-04-26,,,11854052,,,,,,,,,
312444720,The Tales of Beedle the Bard: The Illustrated Edition (Harry Potter),5,"Rowling, J.K.",Author,"Zwerger, Lisbeth",Illustrator,"Arthur A. Levine Books (2018), Edition: Illustrated, New, 160 pages",2018,,,,,The Tales of Beedle the Bard: The Illustrated Edition (Harry Potter) by J.K. Rowling (2018),Hardcover,,,,,,,,,,,,,,"fantasy, fiction, Harry Potter, magic, fairy tales, short stories, young adult, wizards, children's literature, J.K. Rowling, witches, children's fiction, British, juvenile",,English,English,PZ7 .R79835,[1338262181],"[1338262181, 9781338262186]",,823.92,1900- > 2000- > English & Old English literatures > English fiction > Literature & rhetoric,,1,amazon.com,2026-04-26,,,5927153,,,,,$34.99 (USD),,,,
312444721,Sergey Brin and Larry Page: The Men Who Created Google,1,"McNab, Chris",Author,,,"Arcturus (2024), 196 pages",2024,,,,,Sergey Brin and Larry Page: The Men Who Created Google by Chris McNab (2024),Ebook,,,,,,,,,,,,,,"biography, biography-memoir, memoir",,,,,,,,338.76102504,Business Enterprises > By Industry > Economics > Production > Service > Social sciences,,1,amazon.com all media,2026-04-26,,,33352099,,,,,,,,,
312444722,Pony,1,"Palacio, R. J.",Author,,,"PENGUIN (2023), Edition: International Edition",2023,,,,,Pony by R. J. Palacio (2023),Paperback,,,,,,,,,,,,,,"historical fiction, adventure, horses, western, ghosts, magical realism, fiction, animals, photography, fathers and sons, fantasy, historical",,English,English,PZ7 .P17526,[0141377070],"[0141377070, 9780141377070]",,813.6,2000- > American fiction in English > American literature in English > Literature & rhetoric,,1,amazon.com books,2026-04-26,,,26775018,,,,,,,,,
312444725,Fantastic Beasts and Where to Find Them,1,"Rowling, J. K.",Author,"Scamander, Newt|Lomenech Gill, Olivia",Author|Illustrator,"Arthur A. Levine Books (2017), Edition: Illustrated, 128 pages",2017,,,,,Fantastic Beasts and Where to Find Them by J. K. Rowling (2017),Hardcover,,,,,,,,,,,,,,"fantasy, Harry Potter, fiction, magic, children's, young adult, children, children's literature, wizards, reference, J.K. Rowling, humor, animals, children's fiction, juvenile, British",,English,English,PR6068 .O93 .F36,[1338132318],"[1338132318, 9781338132311]","Animals, Mythical > Miscellanea|Animals, Mythical > Miscellanea > Juvenile fiction|Animals, Mythical > Miscellanea > Juvenile literature",823.914,1900- > 1901-1999 > 1945-1999 > English & Old English literatures > English fiction > Literature & rhetoric,,1,amazon.com books,2026-04-26,,,642676,,,,,$12.99 (USD),,,,
312444726,"Torn Apart - The Partition of India, 1947",1,"Haddow, Swapna",Author,,,SCHOLASTIC UK,,,,,,"Torn Apart - The Partition of India, 1947 by Swapna Haddow",Paperback,,,,,,,,,,,,,,"history, India, Pakistan, Partition of India, children's literature, South Asia, refugees, colonialism, friendship, partition",,English,,,[9354710077],"[9354710077, 9789354710070]",,823.92,1900- > 2000- > English & Old English literatures > English fiction > Literature & rhetoric,,1,amazon.com books,2026-04-26,,,27120885,,,,,,,,,
312444727,Skandar and the Skeleton Curse (Volume 4): A. F. Steadman,1,"Steadman, A.F.",Author,,,"Simon & Schuster Children's UK (2024), Edition: 1, 416 pages",2024,,,,,Skandar and the Skeleton Curse (Volume 4): A. F. Steadman by A.F. Steadman (2024),Hardcover,,,,,,,,,,,,,,"fantasy, fiction, mythical creatures, magical creatures, adventure, unicorns, middle grade, young adult, magic, school",,English,English,PZ7.1 .S741135,[1398524719],"[1398524719, 9781398524712]",,823.92,1900- > 2000- > English & Old English literatures > English fiction > Literature & rhetoric,,1,amazon uk books,2026-04-26,,,32335192,,,,,,,,,
312444728,Lights Up: Discover the magical story for 9-12 year olds,1,"Auton, Lisette",Author,,,"Puffin (2024), 372 pages",2024,,,,,Lights Up: Discover the magical story for 9-12 year olds by Lisette Auton (2024),Ebook,,,,,,,,,,,,,,"contemporary fiction, family relationships, historical fiction, friendship",,,,,,,,823.92,1900- > 2000- > English & Old English literatures > English fiction > Literature & rhetoric,,1,amazon uk all media,2026-04-26,,,32501564,,,,,,,,,
312444732,The Sign of Four,5,"Doyle, Sir Arthur Conan",Author,,,"Cosimo Classics (2008), 136 pages",2008,,,,,The Sign of Four by Sir Arthur Conan Doyle (2008),Paperback,136 p.; 8.3 inches,0.35 pounds,8.3 inches,0.4 inches,5 inches,8.3 x 5 x 0.4  inches,136 ,,,,,,,"mystery, fiction, Sherlock Holmes, detective, crime, classics, 19th century, England, Victorian, British literature, London, British, crime fiction, English literature",,,English,PR4622 .S44,[1605200492],"[1605200492, 9781605200491]","Detective and mystery stories|Detective and mystery stories, English|Holmes, Sherlock (Fictitious character)|Holmes, Sherlock (Fictitious character) > Fiction|Mystery fiction|Private investigators > England > Fiction|Watson, John H. (Fictitious character) > Fiction",823.8,1837-1899 > English & Old English literatures > English fiction > Literature & rhetoric,,1,amazon.com,2026-04-26,,,12418,,,,,$6.95 (USD),,,,
312444734,"The Lost Whale: A powerful animal adventure story for children, from the bestselling author of The Last Bear",5,"Gold, Hannah",Author,"Pinfold, Levi",Illustrator,"HarperCollinsChildren’sBooks (2023), Edition: 1, 336 pages",2023,,,,,"The Lost Whale: A powerful animal adventure story for children, from the bestselling author of The Last Bear by Hannah Gold (2023)",Paperback,,,,,,,,,,,,,,"whales, fiction, children's fiction, friendship, conservation, environmentalism, ecology, nature",,English,English,PZ7.1 .G6246,[0008412960],"[0008412960, 9780008412968]",,823.92,1900- > 2000- > English & Old English literatures > English fiction > Literature & rhetoric,,1,amazon uk books,2026-04-26,,,27613136,,,,,,,,,
312444765,The Two Towers: Discover Middle-earth in the Bestselling Classic Fantasy Novels before you watch 2022's Epic New Rings of Power Series: Book 2,5,"Tolkien, J. R. R.",Author,,,"HarperCollins (2022), Edition: TV tie-in edition, 352 pages",2022,,,,,The Two Towers: Discover Middle-earth in the Bestselling Classic Fantasy Novels before you watch 2022's Epic New Rings of Power Series: Book 2 by J. R. R. Tolkien (2022),Paperback,,,,,,,,,,,,,,"fantasy, fiction, Lord of the Rings, Tolkien, Middle Earth, classics, adventure, literature, hobbits, epic, J.R.R. Tolkien, high fantasy, magic, epic fantasy, elves",,English,English,PR6039 .O32,[0008537739],"[0008537739, 9780008537739]","Adventure|Adventure > Feature|Adventure fiction|Adventure stories|Baggins, Frodo (Fictitious character) > Fiction|Baggins, Frodo (Fictitious character)--Fiction|Baggins, Grodo (Fictitious characater) > Fiction|Fantastic fiction|Fantastic fiction. gsafd|Fantasy|Fantasy > Feature|Fantasy Fiction, English|Fantasy fiction|Fantasy fiction, English|Fiction in English|Imaginary wars and battles > Fiction|Middle Earth (Imaginary place) > Fiction|Middle Earth (Imaginary place)--Fiction|Quests (Expeditions) > Fiction|adventure stories|fantastic fiction|fantasy|fantasy fiction|fiction in English",823.087661,Adventure fiction > By type > English & Old English literatures > English fiction > Fantasy fiction > Genre fiction > High fantasy > Literature & rhetoric > Speculative fiction,,1,amazon.com books,2026-04-26,,,3203350,,,,,,,,,
312444769,The Hidden Children,5,"Barshikar, Reshma K.",Author,,,G J SOLUTIONS,,,,,,The Hidden Children by Reshma K. Barshikar,Paperback,,,,,,,,,,,,,,"young adult, young adult fiction, coming of age, Adventure, adventure",,English,,,[9353216206],"[9353216206, 9789353216207]",,,,,1,amazon.com books,2026-04-26,,,22733032,,,,,,,,,
312444773,Matilda,1,"Dahl, Roald",Author,,,Penguin (2016),2016,,,,,Matilda by Roald Dahl (2016),Paperback,,,,,,,,,,,,,,"fiction, fantasy, humor, Roald Dahl, children's fiction, young adult, children's books, classic, kids",,English,English,PZ7 .M,[0141371439],"[0141371439, 9780141371436]",Humorous Stories|Humorous stories|Imprints 20th century 1988|Juvenile literature|Juvenile literature > England > London > 1988|Large Type Books|Large type books|Schools > FIction|Schools > Fiction|Schools > fiction|humorous stories|juvenile literature,823.914,1900- > 1901-1999 > 1945-1999 > English & Old English literatures > English fiction > Literature & rhetoric,,1,amazon.com all media,2026-04-26,,,1495,,,,,,,,,
312444775,Unraveled (keeper of the lost cities book 9.5),1,"Messenger, Shannon",Author,,,"SIMON SCHUSTER (2024), Edition: International Edition, 350 pages",2024,,,,,Unraveled (keeper of the lost cities book 9.5) by Shannon Messenger (2024),Paperback,,,,,,,,,,,,,,"fantasy, middle grade, adventure, friendship, young adult, teen, fiction, magic, coming of age",,English,English,PZ7 .M5494,[1398538485],"[1398538485, 9781398538481]",,813.6,2000- > American fiction in English > American literature in English > Literature & rhetoric,,1,amazon.com books,2026-04-26,,,32506287,,,,,,,,,
312444784,Diary of a Wimpy Kid: Big Shot (Book 16),1,Kinney Jeff,Author,,,"PENGUIN (2022), 240 pages",2022,,,,,Diary of a Wimpy Kid: Big Shot (Book 16) by Kinney Jeff (2022),Paperback,,,,,,,,,,,,,,"humor, fiction, graphic novel, realistic fiction, Diary of a Wimpy Kid, diary, basketball, sports, friendship, funny, Diary of a Wimpy Kid Series, graphic novels, comics, comedy, family, school",,English,English,PZ7 .K6232 .D,[0241454158],"[0241454158, 9780241454152]",,813.6,2000- > American fiction in English > American literature in English > Literature & rhetoric,,1,amazon.com books,2026-04-26,,,26647988,,,,,,,,,
312444785,The Christmasaurus and the Winter Witch,5,"Fletcher, Tom",Author,,,"Puffin (2020), 432 pages",2020,,,,,The Christmasaurus and the Winter Witch by Tom Fletcher (2020),Paperback,,,,,,,,,,,,,,"Christmas, fantasy, children's, magic, adventure, friendship, time travel, fiction",,English,English,PZ7 .F6358 .C,[0241338611],"[0241338611, 9780241338612]",,823.92,1900- > 2000- > English & Old English literatures > English fiction > Literature & rhetoric,,1,amazon.com books,2026-04-26,,,23811443,,,,,,,,,
312444787,"Shikari Shambu - 1 [Paperback] [Jan 01, 2015] NA",1,Rajni Thindiath,Author,,,Amar Chitra Katha Pvt. Ltd. (2015),2015,,,,,"Shikari Shambu - 1 [Paperback] [Jan 01, 2015] NA by Rajni Thindiath (2015)",Paperback,,,,,,,,,,,,,,"comics, comic, Comics & Graphic Novels, comic book, comic books, graphic novels, graphic novel, adventure, Adventure, adventure fiction, children's literature, children's, children's fiction, children, children's books",,English,,,[935085600X],"[935085600X, 9789350856000]",,,,,1,amazon.com books,2026-04-26,,,28338464,,,,,,,,,
312444790,The Red Red Dragon,5,"Banks, Lynne Reid",Author,,,"Walker Books (2024), 368 pages",2024,,,,,The Red Red Dragon by Lynne Reid Banks (2024),Paperback,,,,,,,,,,,,,,"dragons, dragon, fantasy, fantasy fiction, fiction, magic",,,English,,[1529515203],"[1529515203, 9781529515206]",,813.00,American fiction in English > American literature in English > By type > Literature & rhetoric,,1,amazon uk all media,2026-04-26,,,33616411,,,,,,,,,
312444791,Sahyadri Adventure: Anirudh's Dream (Vikram-Aditya),1,"Dalal, Deepak",Author,,,"India Penguin (2022), 336 pages",2022,,,,,Sahyadri Adventure: Anirudh's Dream (Vikram-Aditya) by Deepak Dalal (2022),Paperback,,,,,,,,,,,,,,"children's literature, children's, children's fiction, children, children's books, adventure, Adventure, adventure fiction",,,English,,[0143449427],"[0143449427, 9780143449423]",,823.92,1900- > 2000- > English & Old English literatures > English fiction > Literature & rhetoric,,1,amazon.com all media,2026-04-26,,,11505110,,,,,$9.99 (USD),,,,
312444793,Make Way for Ducklings,1,"McCloskey, Robert",Author,,,"The Viking Press (1966), Edition: Reprint.",1966,,,,,Make Way for Ducklings by Robert McCloskey (1966),Hardcover,68 p.; 12.37 inches,1.44 pounds,12.37 inches,0.49 inches,9.49 inches,12.37 x 9.49 x 0.49  inches,68 ,,,,,,,"children's books, children's literature, birds, Caldecott Medal, picture book, ducks, fiction, Boston",,,English,PZ7 .M1336 .M,[0670451495],"[0670451495, 9780670451494]",Boston (Mass) > Fiction|Boston (Mass.) > Fiction|Children's stories|Ducks > Fiction|Picture books for children,823,English & Old English literatures > English fiction > Literature & rhetoric,,1,amazon.com,2026-04-26,,,20265,,,,,$18.99 (USD),,,,
312444797,"The Final Gambit (The Inheritance Games, 3)",5,"Barnes, Jennifer Lynn",Author,,,"Little, Brown Books for Young Readers (2023), Edition: Reissue, 400 pages",2023,,,,,"The Final Gambit (The Inheritance Games, 3) by Jennifer Lynn Barnes (2023)",Paperback,,,,,,,,,,,,,,"mystery, young adult, fiction, romance, thriller, contemporary, games, suspense, family, puzzles, inheritance, wealth, secrets, Texas, fantasy, mystery-thriller",,English,English,PZ7 .B26225 .F,[0316371025],"[0316371025, 9780316371025]",,813.6,2000- > American fiction in English > American literature in English > Literature & rhetoric,,1,amazon.com books,2026-04-26,,,27182000,,,,,$11.99 (USD),,,,
312444799,The Wishmakers,5,"Whitesides, Tyler",Author,"Warrick, Jessica",Illustrator,"HarperCollins (2018), 336 pages",2018,,,,,The Wishmakers by Tyler Whitesides (2018),Hardcover,,,,,,,,,,,,,,"fantasy, middle grade, adventure, humor, wishes, magic, djinn, fiction, kids, genies, quest, children's fiction",,English,English,PZ7 .W58793,[0062568310],"[0062568310, 9780062568311]",,813.6,2000- > American fiction in English > American literature in English > Literature & rhetoric,,1,amazon.com,2026-04-26,,,20130216,,,,,$16.99 (USD),,,,
312444802,The Boy Behind The Wall: a page-turning thriller set on either side of the Berlin Wall,5,"Jones, Maximillian",Author,,,"Welbeck Publishing Group (2021), 304 pages",2021,,,,,The Boy Behind The Wall: a page-turning thriller set on either side of the Berlin Wall by Maximillian Jones (2021),Paperback,,,,,,,,,,,,,,"historical fiction, young adult, coming of age, Cold War, adventure, Berlin Wall, fiction, friendship, espionage",,English,English,,[1801300003],"[1801300003, 9781801300001]",,823.92,1900- > 2000- > English & Old English literatures > English fiction > Literature & rhetoric,,1,amazon.com books,2026-04-26,,,28444025,,,,,,,,,
312444808,Freedom at Midnight,1,"Lapierre, Dominique",Author,,,"Vikas Publishing House (2011), Edition: 9/15/11, 774 pages",2011,,,,,Freedom at Midnight by Dominique Lapierre (2011),Paperback,,,,,,,,,,,,,,"history, India, Pakistan, Gandhi, History of India, Asia, politics, 20th century, independence, partition, Indian History, biography, colonialism, historical novel, British Empire, fiction",,English,English,DS480.84 .C75,[8125931864],"[8125931864, 9788125931867]",India > History > 1947-,954.04,1947–1971 > History & geography > History of Asia > India and neighboring south Asian countries,,1,amazon.com,2026-04-26,,,357033,,,,,,,,,
312444815,Harry Potter and the Chamber of Secrets,1,"Rowling, Joanne K.",Author,,,BLOOMSBURY PUBLISHING (2017),2017,,,,,Harry Potter and the Chamber of Secrets by Joanne K. Rowling (2017),Hardcover,,,,,,,,,,,,,,"fantasy, fiction, Harry Potter, magic, wizards, witches, J.K. Rowling, British, school",,English,English,PR6068 .O93,[1408855909],"[1408855909, 9781408855904]","Adventure > Juvenile fiction|Audiobooks|Children's fiction|Children's fiction > 20th century|Children's stories|Children\'s stories|Compact discs|England > Fiction|England > Juvenile fiction|England > fiction|England--Fiction|England. > Juvenile fiction|Fantastic fiction|Fantasy|Fantasy fiction|Fantasy fiction > Juvenile|Fantasy fiction, Juvenile|Harry Potter and the chamber of secrets (Motion picture) > Pictorial works|Hogwarts School of Witchcraft and Wizardry (Imaginary place) > Computer games|Hogwarts School of Witchcraft and Wizardry (Imaginary place) > Fiction|Hogwarts School of Witchcraft and Wizardry (Imaginary place) > Juvenile fiction|Hogwarts School of witchcraft and Wizardry (Imaginary place) > Fiction|Humor > Juvenile literature|Juvenile literature|Magic > Fiction|Magic > Juvenile Fiction|Magic > Juvenile fiction|Magic--Fiction|Potter, Harry (Fictitious character)|Potter, Harry (Fictitious character) > Fiction|Potter, Harry (Fictitious character) > Juvenile fiction|Schools > FIction|Schools > Fiction|Schools > Juvenile Fiction|Schools > Juvenile fiction|Schools > fiction|Schools--Fiction|Science Fiction|Science fiction|Talking books for children|Wizards > Fiction|Wizards > Juvenile fiction|Wizards > Juvenile literature|Wizards--Fiction|fantastic fiction|fantasy|fantasy fiction|juvenile literature|science fiction",823.914,1900- > 1901-1999 > 1945-1999 > English & Old English literatures > English fiction > Literature & rhetoric,,1,amazon.com,2026-04-26,,,683408,,,,,,,,,
312444818,Time Travelling with a Hamster,1,"Welford, Ross",Author,,,"HarperCollinsChildren'sBooks (2016), 400 pages",2016,,,,,Time Travelling with a Hamster by Ross Welford (2016),Paperback,,,,,,,,,,,,,,"time travel, middle grade, Northeast, fantasy, British, adventure, science fiction, fiction, children's fiction, family, young adult",,English,English,PZ7.1 .W4355 .T,[000815631X],"[000815631X, 9780008156312]",,823.92,1900- > 2000- > English & Old English literatures > English fiction > Literature & rhetoric,,1,amazon.com,2026-04-26,,,16995344,,,,,,,,,
312444821,Theodore Boone: The Scandal,1,"Grisham, John",Author,,,"Puffin Books (2017), Edition: Reprint, 240 pages",2017,,,,,Theodore Boone: The Scandal by John Grisham (2017),Paperback,,,,,,,,,,,,,,"fiction, mystery, John Grisham, young adult, juvenile fiction, crime, law, Action & Adventure, thriller, realistic fiction, children's books, middle grade, legal thriller, suspense, school",,English,English,PZ7 .G88788 .T,[0147510198],"[0147510198, 9780147510198]",,813.6,2000- > American fiction in English > American literature in English > Literature & rhetoric,,1,amazon.com,2026-04-26,,,16871110,,,,,$8.99 (USD),,,,
312444823,Einstein: His Life and Universe,1,"Isaacson, Walter",Author,,,"Simon & Schuster Ltd (2017), Edition: TV Tie-In, 704 pages",2017,,,,,Einstein: His Life and Universe by Walter Isaacson (2017),Paperback,,,,,,,,,,,,,,"biography, science, physics, history, Einstein, Albert Einstein, relativity, history of science, scientists, biography-memoir, Biographies, physicists, 20th century, bio, Germany",,English,English,QC16 .E5 .I76,[1471167941],"[1471167941, 9781471167942]","Champ unitaire, Théories du|Einstein, Albert, 1879-1955|Einstein, Albert, 1879-1955 > Friends and associates|Physiciens > Biographies|Physicists > Biography|Relativity (Physics)|Relativité (Physique)|Unified field theories",530.092,Biography > Biography And History > Natural sciences & mathematics > Physics > Physics > Physics,,1,amazon.com,2026-04-26,,,1816450,,,,,,,,,
312444824,"Keepers of the Kalachakra, Bharat Series 5",1,"Sanghi, Ashwin",Author,,,(2022),2022,,,,,"Keepers of the Kalachakra, Bharat Series 5 by Ashwin Sanghi (2022)",Paperback,,,,,,,,,,,,,,"Fiction, thriller, mystery, mystery-thriller, historical fiction",,English,English,,[9356292477],"[9356292477, 9789356292475]",,,,,1,amazon.com books,2026-04-26,,,32181680,,,,,,,,,
312444830,The BFG,5,"Dahl, Roald",Author,,,"Puffin (2016), 224 pages",2016,,,,,The BFG by Roald Dahl (2016),Paperback,,,,,,,,,,,,,,"fiction, children's literature, dreams, England, fantasy, children's fiction, kids, children's, Roald Dahl, giants, children's books, adventure, children, humor, friendship, young adult",,English,English,PZ7 .B,[0141371447],"[0141371447, 9780141371443]",Giants > Fiction|Orphans > Fiction,823.914,1900- > 1901-1999 > 1945-1999 > English & Old English literatures > English fiction > Literature & rhetoric,,1,amazon.com books,2026-04-26,,,1513,,,,,,,,,
312444832,The Treasure of Maria Mamoun,5,"Chalfoun, Michelle",Author,,,"Farrar, Straus and Giroux (BYR) (2016), 352 pages",2016,,,,,The Treasure of Maria Mamoun by Michelle Chalfoun (2016),Hardcover,,,,,,,,,,,,,,"adventure, mystery, island, coming of age, sailing, family secrets, friendship, realistic fiction, treasure, Martha's Vineyard, diversity, pirates, romance, treasure hunt",,English,English,PZ7.1 .C475,[0374303401],"[0374303401, 9780374303402]",,,,,1,amazon.com books,2026-04-26,,,17911257,,,,,$16.99 (USD),,,,
312444834,The Famous Five 12: Five go Down to the Sea,5,"Blyton, Enid",Author,,,HODDER HEADLINE LTD. (2004),2004,,,,,The Famous Five 12: Five go Down to the Sea by Enid Blyton (2004),Paperback,6.9 inches,0.3 pounds,6.9 inches,0.5 inches,4.3 inches,6.9 x 4.3 x 0.5  inches,,,,,,,,"fiction, children, children's literature, Junior Fiction, Famous Five, children's fiction, youth, English, adventure, Enid Blyton, England, children's, children's books, Blyton, mystery, kids",,English,English,PZ7 .B629 .F,[0340894652],"[0340894652, 9780340894651]",,823.912,1900- > 1901-1945 > 1901-1999 > English & Old English literatures > English fiction > Literature & rhetoric,,1,amazon.com,2026-04-26,,,26371,,,,,,,,,
312444835,The World's Greatest Chocolate-Covered Pork Chops,5,"Sager, Ryan K.",Author,,,"Disney-Hyperion (2017), 256 pages",2017,,,,,The World's Greatest Chocolate-Covered Pork Chops by Ryan K. Sager (2017),Hardcover,,,,,,,,,,,,,,"cooking, restaurants, San Francisco, food, children's fiction, children's literature, city life, humor, friendship",,English,English,PZ7.1 .S243,[1484767616],"[1484767616, 9781484767610]",,813.6,2000- > American fiction in English > American literature in English > Literature & rhetoric,,1,amazon.com,2026-04-26,,,19051396,,,,,$16.99 (USD),,,,
312444837,Endling #2: The First,1,"Applegate, Katherine",Author,"Kostenko, Max",Illustrator,"HarperCollins (2020), 416 pages",2020,,,,,Endling #2: The First by Katherine Applegate (2020),Paperback,,,,,,,,,,,,,,"fantasy, fiction, animals, adventure, young adult, middle grade, children, children's, high fantasy, magic, literature, juvenile fiction, friendship",,English,English,PZ7 .A6483 .F,[006233557X],"[006233557X, 9780062335579]",,813.54,1900-1999 > 1945-1999 > American fiction in English > American literature in English > Literature & rhetoric,,1,amazon.com books,2026-04-26,,,22686942,,,,,$7.99 (USD),,,,
312444839,The Swifts,5,"Lincoln, Beth",Author,,,"Puffin (2024), 450 pages",2024,,,,,The Swifts by Beth Lincoln (2024),Paperback,,,,,,,,,,,,,,"mystery, family, middle grade, fiction, humor, wordplay, dark humor, children's fiction, murder, children's literature, debut, youth, family reunion, identity, LGBTQ",,English,English,PZ7.1 .L555 .S,[0241536456],"[0241536456, 9780241536452]",,823.92,1900- > 2000- > English & Old English literatures > English fiction > Literature & rhetoric,,1,amazon.com books,2026-04-26,,,29390346,,,,,,,,,
312444842,The Land of Stories: A Grimm Warning,5,"Colfer, Chris",Author,,,"Little, Brown Books for Young Readers (2015), Edition: Reprint, 496 pages",2015,,,,,The Land of Stories: A Grimm Warning by Chris Colfer (2015),Paperback,,,,,,,,,,,,,,"fantasy, fiction, fairy tales, magic, middle grade, twins, adventure, young adult, fairy tale, children's, children, children's literature, juvenile fiction, juvenile, siblings, brothers and sisters",,English,English,PZ7 .C677474 .L,[0316406821],"[0316406821, 9780316406826]",,813.6,2000- > American fiction in English > American literature in English > Literature & rhetoric,,1,amazon.com,2026-04-26,,,14835354,,,,,$9.99 (USD),,,,
312444845,Artemis Fowl: The Lost Colony (Book 5),1,"Colfer, Eoin",Author,,,"Puffin Books (2011), Edition: 5th, 416 pages",2011,,,,,Artemis Fowl: The Lost Colony (Book 5) by Eoin Colfer (2011),Paperback,,,,,,,,,,,,,,"science fiction, fantasy, fiction, Artemis Fowl, young adult, fairies, adventure, children's, magic, demons, children's literature, Ireland, faeries, children, time travel, humor",,English,English,PZ7 .C677475 .A,[0141339144],"[0141339144, 9780141339146]",Adventure and adventurers > Fiction|Children's stories|Demonology > Fiction|Fairies > Fiction|Fantasy fiction|Leprechauns > Juvenile fiction|Magic > Fiction|Space and time > Fiction|fairies > Fiction|fantasy fiction,823.92,1900- > 2000- > English & Old English literatures > English fiction > Literature & rhetoric,,1,amazon.com,2026-04-26,,,1253446,,,,,,,,,
312444848,AOTEAROA THE NEW ZEALAND STORY PUFFIN,1,"Bishop, G.",Author,,,BAY FOREIGN LANGUAGE BOOKS (2019),2019,,,,,AOTEAROA THE NEW ZEALAND STORY PUFFIN by G. Bishop (2019),Hardcover,,,,,,,,,,,,,,"history, New Zealand, New Zealand history, New Zealand author, historical atlas",,English,English,DU423 .A1 .B57,[0143770357],"[0143770357, 9780143770350]",,993,"History & geography > History of Australasia, Pacific Ocean islands, Atlantic Ocean islands, Polar regions > New Zealand",,1,amazon.com books,2026-04-26,,,20469252,,,,,,,,,
312444850,The Inheritance Games,5,"Barnes, Jennifer Lynn",Author,,,"Little, Brown Books for Young Readers (2021), Edition: Reprint, 400 pages",2021,,,,,The Inheritance Games by Jennifer Lynn Barnes (2021),Paperback,,,,,,,,,,,,,,"mystery, fiction, contemporary, thriller, fantasy, suspense, young adult",,English,English,PZ7 .B26225,[0759555400],"[0759555400, 9780759555402]",,813.6,2000- > American fiction in English > American literature in English > Literature & rhetoric,,1,amazon.com books,2026-04-26,,,24615406,,,,,$10.99 (USD),,,,
312444851,Zen,1,"Minwalla, Shabnam",Author,,,Duckbill,,,,,,Zen by Shabnam Minwalla,Paperback,,,,,,,,,,,,,,"greek gods, magic, gods, children's, magical realism, Rick Riordan, fiction, middle grade, fantasy, adventure",,English,,,[0143459902],"[0143459902, 9780143459903]",,,,,1,amazon.com books,2026-04-26,,,32127290,,,,,,,,,
312444853,"Skandar and the Unicorn Thief: The international, award-winning hit, and the biggest fantasy adventure series since Harry Potter: Volume 1",1,"Steadman, A.F.",Author,,,"Simon & Schuster Children's UK (2023), Edition: 1, 400 pages",2023,,,,,"Skandar and the Unicorn Thief: The international, award-winning hit, and the biggest fantasy adventure series since Harry Potter: Volume 1 by A.F. Steadman (2023)",Paperback,,,,,,,,,,,,,,"fantasy, unicorns, fiction, magic, middle grade, friendship, young adult, children's fiction, adventure, school, quest, children's books, magical creatures, action, fast-paced, Junior Fiction",,English,English,PZ7.1 .S741135 .S,[1398502731],"[1398502731, 9781398502734]",,823.92,1900- > 2000- > English & Old English literatures > English fiction > Literature & rhetoric,,1,amazon uk books,2026-04-26,,,27979950,,,,,,,,,
312444870,The chronicles of Narnia,5,"Lewis, C. S.",Author,"Baynes, Pauline",Illustrator,"HarperCollins Narnia (2001), Edition: Reprint, 768 pages",2001,,,,,The chronicles of Narnia by C. S. Lewis (2001),Paperback,768 p.; 9 inches,1.8 pounds,9 inches,2.1 inches,6 inches,9 x 6 x 2.1  inches,768 ,,,,,,,"fantasy, children's literature, allegory, religion, fiction, classics, Christian, children's, C.S. Lewis, Christianity, Narnia, adventure, children, classic, young adult, literature",,English,English,PZ7 .L58474 .C,[0066238501],"[0066238501, 9780066238500]",,823.087661,Adventure fiction > By type > English & Old English literatures > English fiction > Fantasy fiction > Genre fiction > High fantasy > Literature & rhetoric > Speculative fiction,,1,Amazon.com,2026-04-26,,,6945753,,,,,$24.99 (USD),,,,
312444884,The Magician's Nephew,5,"Lewis, C. S.",Author,,,HarperCollins (2010),2010,,,,,The Magician's Nephew by C. S. Lewis (2010),Paperback,,,,,,,,,,,,,,"Chronicles of Narnia, C.S. Lewis, children's literature, young adult, fiction, Narnia, fantasy, classics, adventure, magic",,English,English,PZ7 .L58474 .M,[0007363796],"[0007363796, 9780007363797]","Audiobooks|Cartoons and comics|Children's stories|Children\'s stories|Fairy tales|Fantasy|Fantasy > Juvenile sound recordings|Fantasy Fiction, English|Fantasy fiction > Juvenile literature|Fantasy fiction, English|fantasy",823.087661,Adventure fiction > By type > English & Old English literatures > English fiction > Fantasy fiction > Genre fiction > High fantasy > Literature & rhetoric > Speculative fiction,,1,amazon.com,2026-04-26,,,1586826,,,,,,,,,
312444885,"The Silver Chair (The Chronicles of Narnia) [Paperback] [Jan 01, 2007] C S Lewis",5,"Lewis, C S",Author,,,HarperCollinsChildrensBooks (2007),2007,,,,,"The Silver Chair (The Chronicles of Narnia) [Paperback] [Jan 01, 2007] C S Lewis by C S Lewis (2007)",Paperback,,,,,,,,,,,,,,"fantasy, fiction, Narnia, Chronicles of Narnia, young adult, C.S. Lewis, classics, children's literature, adventure, Christian, allegory, children's fiction, magic",,English,English,PZ7 .L58474 .S,[000736377X],"[000736377X, 9780007363773]",Children's stories|Children\'s stories|Fairy tales > England > Juvenile sound recordings|Fantasy|Fantasy fiction|Narnia (Imaginary place) > Drama|Narnia (Imaginary place) > Juvenile fiction|Radio adaptations|fantasy|fantasy fiction,823.087661,Adventure fiction > By type > English & Old English literatures > English fiction > Fantasy fiction > Genre fiction > High fantasy > Literature & rhetoric > Speculative fiction,,1,amazon.com books,2026-04-26,,,1182694,,,,,,,,,
312444903,Harry Potter and the Goblet of Fire,1,"Rowling, Joanne K.",Author,,,BLOOMSBURY PUBLISHING (2017),2017,,,,,Harry Potter and the Goblet of Fire by Joanne K. Rowling (2017),Hardcover,,,,,,,,,,,,,,"fantasy, fiction, Harry Potter, magic, wizards, children's literature, witches, J.K. Rowling, England, school, British",,English,English,PR1,[1408855925],"[1408855925, 9781408855928]","Audiobooks|Children's audiobooks|Children's books > England > 2004|Children's stories|Children\'s stories|England > Fiction|England > Juvenile fiction|England > fiction|Fantasy fiction|Fantasy fiction > Juvenile|Fantasy fiction, Juvenile|Fiction (Curriculum Center)|Hogwarts School of Witchcraft and Wizardry (Imaginary place)|Hogwarts School of Witchcraft and Wizardry (Imaginary place) > Fiction|Hogwarts School of Witchcraft and Wizardry (Imaginary place) > Juvenile fiction|Hogwarts School of witchcraft and Wizardry (Imaginary place) > Fiction|Juvenile literature|Magic > Fiction|Magic > Juvenile Fiction|Magic > Juvenile fiction|Magic > Juvenile literature|Paperbacks > England > 2004|Potter, Harry (Fictitious character)|Potter, Harry (Fictitious character) > Fiction|Potter, Harry (Fictitious character) > Juvenile fiction|Schools > FIction|Schools > Fiction|Schools > Juvenile Fiction|Schools > Juvenile fiction|Schools > fiction|Witches > Fiction|Witches > fiction|Wizards > Fiction|Wizards > Juvenile fiction|Wizards > Juvenile literature|fantasy fiction|juvenile literature",823.08766,Adventure fiction > By type > English & Old English literatures > English fiction > Fantasy fiction > Genre fiction > Literature & rhetoric > Speculative fiction,,1,amazon.com,2026-04-26,,,113,,,,,,,,,
312444906,What Ho!: The Best of Wodehouse,1,"Wodehouse, P. G.",Author,,,"Arrow (2011), 592 pages",2011,,,,,What Ho!: The Best of Wodehouse by P. G. Wodehouse (2011),Paperback,,,,,,,592 ,,,,,,,"humor, fiction, short stories, P.G. Wodehouse, classics, English literature, literature, comedy, England, historical fiction, Blandings, essays, English, 20th century, aristocracy, 20th century literature",,English,English,PR6045 .O53 .A6,[0099551284],"[0099551284, 9780099551287]","Humorous stories, English",823.912,1900- > 1901-1945 > 1901-1999 > English & Old English literatures > English fiction > Literature & rhetoric,,1,amazon.com,2026-04-26,,,639304,,,,,,,,,
312444907,Time Travelling with a Tortoise,1,"Welford, Ross",Author,,,"Harper Collins Children's Books (2024), 272 pages",2024,,,,,Time Travelling with a Tortoise by Ross Welford (2024),Paperback,,,,,,,,,,,,,,"time travel, humorous, middle grade, family, science fiction, adventure, friendship, fantasy, humor",,English,English,,[0008544778],"[0008544778, 9780008544775]",,823.92,1900- > 2000- > English & Old English literatures > English fiction > Literature & rhetoric,,1,amazon.com books,2026-04-26,,,31522772,,,,,,,,,
312444911,The adventures of Tintin,5,"Hergé,",Author,,,"Little, Brown Books for Young Readers (1995), 192 pages",1995,,,,,"The adventures of Tintin by Hergé, (1995)",Hardcover,192 p.; 6.5 inches,1.02 pounds,6.5 inches,9.38 inches,0.63 inches,6.5 x 0.63 x 9.38  inches,192 ,,,,,,,"comics, graphic novel, fiction, adventure, comic, graphic novels, children's, children's literature, children, cartoons, 20th century",,English,English,PN6790 .B43 .A9413,[0316358169],"[0316358169, 9780316358163]",,741.59493,"Arts & recreation > Belgium & Luxembourg > Comic books, graphic novels, fotonovelas, cartoons, caricatures, comic strips > Drawing & decorative arts > Drawing and drawings > European > History, geographic treatment, biography > Other European",,1,Amazon.com,2026-04-26,,,2740940,,,,,$27.99 (USD),,,,
312444914,The Seven Crystal Balls (The Adventures of Tintin),5,Hergé,Author,,,"Egmont Books Ltd (2002), Edition: New edition, 64 pages",2002,,,,,The Seven Crystal Balls (The Adventures of Tintin) by Hergé (2002),Paperback,64 p.; 11.4 inches,0.6 pounds,11.4 inches,0.3 inches,8.5 inches,11.4 x 8.5 x 0.3  inches,64 ,,,,,,,"comics, graphic novel, fiction, adventure, children's, humor, comic book, graphic novels, 20th century, cartoons, Belgium, Belgian, mystery",,"English, French",English,PN6790 .B43 .R449513,[1405206241],"[1405206241, 9781405206242]",,741.59493,"Arts & recreation > Belgium & Luxembourg > Comic books, graphic novels, fotonovelas, cartoons, caricatures, comic strips > Drawing & decorative arts > Drawing and drawings > European > History, geographic treatment, biography > Other European",,1,Amazon.com,2026-04-26,,,7956,,,,,,,,,
312444916,Theodore Boone: The Fugitive,1,"Grisham, John",Author,,,"Puffin Books (2016), Edition: Reprint, 288 pages",2016,,,,,Theodore Boone: The Fugitive by John Grisham (2016),Paperback,,,,,,,,,,,,,,"fiction, mystery, crime, young adult, law, juvenile fiction, John Grisham, lawyers, thriller, suspense, realistic fiction, legal thriller, murder, justice, Action & Adventure",,English,English,PZ7 .G88788 .T,[014751018X],"[014751018X, 9780147510181]",,813.6,2000- > American fiction in English > American literature in English > Literature & rhetoric,,1,amazon.com,2026-04-26,,,15418235,,,,,$8.99 (USD),,,,
312444917,The Course of History: Ten Meals That Changed the World,5,"Singh, Struan Stevenson; Tony",Author,,,Birlinn (2017),2017,,,,,The Course of History: Ten Meals That Changed the World by Struan Stevenson; Tony Singh (2017),Hardcover,,,,,,,,,,,,,,"history, biography, food, WWII, politics, culinary history, recipes, cooking, world leaders",,English,English,D21.3 .S778,[1780274912],"[1780274912, 9781780274911]",,904.7,Battles > Collected accounts of events > History > History & geography,,1,amazon.com books,2026-04-26,,,20664705,,,,,,,,,
312444919,The Twits,5,"Dahl, Roald",Author,,,Penguin (2016),2016,,,,,The Twits by Roald Dahl (2016),Paperback,,,,,,,,,,,,,,"fiction, children's, humor, fantasy, children's literature, Roald Dahl, children's books, children's fiction, monkeys, revenge, juvenile, young adult, kids, funny, Dahl",,English,English,PZ7 .T,[0141371471],"[0141371471, 9780141371474]","Children's stories|Children's stories, English|Disorderly conduct > Juvenile fiction|Humorous Stories|Humorous stories|Revenge > Juvenile fiction|humorous stories",823.914,1900- > 1901-1999 > 1945-1999 > English & Old English literatures > English fiction > Literature & rhetoric,,1,amazon.com,2026-04-26,,,1531,,,,,,,,,
312444939,The Wizard of Oz,5,"Baum, L. Frank",Author,,,"Fingerprint! Publishing (2018), 200 pages",2018,,,,,The Wizard of Oz by L. Frank Baum (2018),Paperback,,,,,,,,,,,,,,"fantasy, fiction, classics, classic, Oz, children's literature, adventure, literature, children's books, children's fiction, magic, Wizard of Oz, witches, American literature",,English,English,PZ7 .B327,[9387779459],"[9387779459, 9789387779457]","Adventure and adventurers > Juvenile literature|Children > United States > History|Children's stories|Children's stories, American > History and criticism|Fantasy|Fantasy > Juvenile fiction|Fantasy fiction|Fantasy fiction, American > History and criticism|Large Type Books|Large type books|Oz (Imaginary place)|Oz (Imaginary place) > Drama|Oz (Imaginary place) > Fiction|Wizards > Fiction|Wizards > Juvenile literature|fantasy|fantasy fiction",813.52,1900-1945 > 1900-1999 > American fiction in English > American literature in English > Literature & rhetoric,,1,amazon.com books,2026-04-26,,,20410,,,,,$5.99 (USD),,,,
312444941,The Wizard of Oz,5,"Baum, L Frank",Author,"Studio, Pablo Marcos|Laiken, Deidre S.|Vogel, Malvina",Illustrator|Adapter|Editor,"Playmore Inc. Publishers (1989), Edition: N/A, 235 pages",1989,,,,,The Wizard of Oz by L Frank Baum (1989),Hardcover,,,,,,,,,,,,,,"children's literature, children's, children's fiction, children, children's books, children's classics, adventure, adventure fiction, Adventure, fantasy adventure, fantasy, fantasy fiction, fiction",,English,English,,[0866119590],"[0866119590, 9780866119597]",,,,,1,Amazon.com,2026-04-26,,,28253864,,,,,$9.95 (USD),,,,
312444945,Rome Before Rome: The Legends That Shaped the Romans,1,"Matyszak, Philip",Author,,,"Thames & Hudson (2025), Edition: Illustrated, 224 pages",2025,,,,,Rome Before Rome: The Legends That Shaped the Romans by Philip Matyszak (2025),Hardcover,,,,,,,,,,,,,,"ancient history, history, Rome, classical literature, historical non-fiction, Ancient Rome, Roman History, roman culture, Historical Analysis, Roman Empire, historical fiction, cultural studies",,English,English,GR177 .R6 .M38,[0500028311],"[0500028311, 9780500028315]",,398.00,"Customs, etiquette & folklore > Folklore > Social sciences",,1,amazon.com books,2026-04-26,,,33590768,,,,,,,,,
312444952,CHARLIE AND THE CHOCOLATE FACTORY ROALD DAHL,1,"Dahl, Roald",Author,,,Penguin (2016),2016,,,,,CHARLIE AND THE CHOCOLATE FACTORY ROALD DAHL by Roald Dahl (2016),Paperback,,,,,,,,,,,,,,"fiction, fantasy, children's, children, children's literature, humor, chocolate, classic, classics, adventure, candy, Roald Dahl, children's fiction, children's books, kids",,English,English,PZ7 .C,[0141371358],"[0141371358, 9780141371351]",Behavior > Fiction|Children's stories|Chocolate factories > Fiction|Humorous Stories|Humorous fiction|Humorous stories|humorous fiction|humorous stories,823.914,1900- > 1901-1999 > 1945-1999 > English & Old English literatures > English fiction > Literature & rhetoric,,1,amazon.com,2026-04-26,,,1588,,,,,,,,,
312444960,"Image de l'editeur PETER PAN [Mar 01, 2017] Barrie, Sir J. M.",1,"Barrie, J. M.",Author,,,"Fingerprint! Publishing (2018), 168 pages",2018,,,,,"Image de l'editeur PETER PAN [Mar 01, 2017] Barrie, Sir J. M. by J. M. Barrie (2018)",Paperback,,,,,,,,,,,,,,"fantasy, classics, children's literature, Peter Pan, fairy tales, children's fiction, children's books",,English,English,PZ7 .B27539,[9386538377],"[9386538377, 9789386538376]","Children's stories|Fantasy|Fantasy fiction|Fantasy fiction, English|Imaginary societies > Juvenile fiction|Kensington Gardens (London, England) > Fiction|Never-Never Land (Imaginary place) > Fiction|Peter Pan (Fictitious character) > Drama|Peter Pan (Fictitious character) > Fiction|Peter Pan (Fictitious character) > Juvenile fiction|Peter Pan (Fictitious character) > Juvenile literature|fantasy|fantasy fiction",823.912,1900- > 1901-1945 > 1901-1999 > English & Old English literatures > English fiction > Literature & rhetoric,,1,amazon.com all media,2026-04-26,,,6252,,,,,$4.99 (USD),,,,
312444961,Endling: Book One: The Last,1,"Applegate, Katherine",Author,,,RHUK,,,,,,Endling: Book One: The Last by Katherine Applegate,Paperback,,,,,,,,,,,,,,"fantasy, animals, adventure, fiction, middle grade, diverse, friendship, juvenile fiction, children's, quest, animal fantasy, survival, teen fantasy, children, magic, children's books",,English,English,PZ7 .A6483,[1783447699],"[1783447699, 9781783447695]",,813.6,2000- > American fiction in English > American literature in English > Literature & rhetoric,,1,amazon.com books,2026-04-26,,,21197921,,,,,,,,,
312444963,"The Story of the World: History for the Classical Child: Volume 1: Ancient Times: From the Earliest Nomads to the Last Roman Emperor, Revised Edition",5,"Bauer, Susan Wise",Author,,,"Peace Hill Press (2006), Edition: Revised Second Edition, 338 pages",2006,,,,,"The Story of the World: History for the Classical Child: Volume 1: Ancient Times: From the Earliest Nomads to the Last Roman Emperor, Revised Edition by Susan Wise Bauer (2006)",Paperback,338 p.; 8.2 inches,1 pounds,8.2 inches,0.9 inches,5.2 inches,8.2 x 5.2 x 0.9  inches,338 ,,,,,,,"history, ancient history, world history, curriculum, ancient, social studies, classical education, ancient times, Ancient Egypt, Story of the World, Ancient Greece, Ancient Rome, education",,English,English,D57 .B38,[1933339004],"[1933339004, 9781933339009]","Asia > History > Juvenile literature|Civilization > Juvenile literature|Europe > History > Juvenile literature|History, Ancient > Juvenile literature|World history > Juvenile literature",909.0,History > History & geography > World history,,1,Amazon.com,2026-04-26,,,707308,,,,,$17.95 (USD),,,,
312444967,The Land of Stories: Worlds Collide,5,"Colfer, Chris",Author,,,"Little, Brown Books for Young Readers (2018), Edition: Reprint, 464 pages",2018,,,,,The Land of Stories: Worlds Collide by Chris Colfer (2018),Paperback,,,,,,,,,,,,,,"fantasy, fiction, fairy tales, magic, adventure, middle grade, young adult, fairy tale retelling, fairy tale",,English,English,PZ7 .C677474 .W,[0316355887],"[0316355887, 9780316355889]",,813.6,2000- > American fiction in English > American literature in English > Literature & rhetoric,,1,amazon.com,2026-04-26,,,18934984,,,,,$9.99 (USD),,,,
312444968,Wings of Fire Book Five: The Brightest Night,1,"Sutherland, Tui T.",Author,,,"Scholastic Paperbacks (2015), Edition: Reprint, 336 pages",2015,,,,,Wings of Fire Book Five: The Brightest Night by Tui T. Sutherland (2015),Paperback,,,,,,,,,,,,,,"fantasy, dragons, fiction, adventure, middle grade, war, youth, kids, friendship, dragon, prophecy, fantasy fiction, young adult",,English,English,PZ7 .S96694 .B,[0545349273],"[0545349273, 9780545349277]",,813.6,2000- > American fiction in English > American literature in English > Literature & rhetoric,,1,amazon.com,2026-04-26,,,14735969,,,,,$7.99 (USD),,,,
312444970,The Boy With Wings: Attack of the Rampaging Robot - World Book Day 2023,5,"Henry, Lenny",Author,"Ferrell, Keenon",Illustrator,(2023),2023,,,,,The Boy With Wings: Attack of the Rampaging Robot - World Book Day 2023 by Lenny Henry (2023),Paperback,,,,,,,,,,,,,,"fantasy, superheroes, middle grade, adventure, superhero, fiction",,English,English,PZ7.1 .H4647,[1035015927],"[1035015927, 9781035015924]",,823.92,1900- > 2000- > English & Old English literatures > English fiction > Literature & rhetoric,,1,amazon.com books,2026-04-26,,,27289940,,,,,,,,,
312444971,Simply Artificial Intelligence (DK Simply),1,DK,Author,,,"DK (2023), 160 pages",2023,,,,,Simply Artificial Intelligence (DK Simply) by DK (2023),Hardcover,,,,,,,,,,,,,,"artificial intelligence, computer science, society, automation, ethics, technology, culture, robotics, history, future, applications, machine learning",,English,English,Q335 .S567,[0241607280],"[0241607280, 9780241607282]",,006.3,"Artificial Intelligence > Computer science, information & general works > Computer science, knowledge & systems > Special computer methods (AI, barcoding, VR, web design, social media)",,1,amazon uk books,2026-04-26,,,29932135,,,,,,,,,
312444972,Planetarium: Welcome to the Museum,1,"Prinja, Raman",Author,"Wormell, Chris",Illustrator,"Big Picture Press (2019), 112 pages",2019,,,,,Planetarium: Welcome to the Museum by Raman Prinja (2019),Hardcover,,,,,,,,,,,,,,"astronomy, space, science, planets, universe, stars, solar system, reference, educational",,English,English,QB46 .P757,[1536206237],"[1536206237, 9781536206234]",,520,Astronomy > Astronomy and allied sciences > Natural sciences & mathematics,,1,amazon.com books,2026-04-26,,,23087964,,,,,$35 (USD),,,,
312444973,Aru Shah and the Song of Death: A Pandava Novel Book 2 (Aru Shah 2),1,"Chokshi, Roshani",Author,,,"Scholastic (2019), Edition: 1, 401 pages",2019,,,,,Aru Shah and the Song of Death: A Pandava Novel Book 2 (Aru Shah 2) by Roshani Chokshi (2019),Ebook,,,,,,,,,,,,,,"fantasy, adventure, mystery, legends, fiction, realistic fiction, secrets, young adult, Hindu mythology, teacher resource, Hindu, middle grade, magic, villains, India, battles",,,English,PZ7.1 .C54 .A,,,,813.6,2000- > American fiction in English > American literature in English > Literature & rhetoric,,1,amazon uk all media,2026-04-26,,,22689251,,,,,,,,,
312444974,Following the Moon,1,"Norbury, James",Author,,,"Michael Joseph (2024), 176 pages",2024,,,,,Following the Moon by James Norbury (2024),Hardcover,,,,,,,,,,,,,,"fiction, philosophy, self-help, Buddhism, animals",,English,English,N825,[0241686733],"[0241686733, 9780241686737]",,158.1,Applied psychology > Personal improvement and analysis > Philosophy and Psychology > Psychology,,1,amazon.com books,2026-04-26,,,33120174,,,,,,,,,
312444978,Never Too Young!: 50 Unstoppable Kids Who Made a Difference,1,"Weintraub, Aileen",Author,"Horton, Laura",Illustrator,"Union Square Kids (2018), Edition: Illustrated, 112 pages",2018,,,,,Never Too Young!: 50 Unstoppable Kids Who Made a Difference by Aileen Weintraub (2018),Hardcover,,,,,,,,,,,,,,"biography, children's non-fiction, inspirational, activism, role models, empowerment, history, achievements",,English,English,CT105 .W387,[1454929170],"[1454929170, 9781454929178]",,305.23092,"Age groups > Groups of people > Social sciences > Social sciences, sociology & anthropology > Young people up to 20",,1,amazon.com books,2026-04-26,,,22285444,,,,,$14.95 (USD),,,,
312444986,CHRONICLES OF NARNIA THE LAST BATTLE,1,"Lewis, C. S.",Author,,,HARPER (2012),2012,,,,,CHRONICLES OF NARNIA THE LAST BATTLE by C. S. Lewis (2012),Paperback,,,,,,,208 ,,,,,,,"fantasy, children, Christian, children's literature, fiction, young adult, classic, Christianity, Narnia, C.S. Lewis, children's, allegory, Chronicles of Narnia, classics, adventure, children's fiction",,English,English,PZ7 .L58474 .L,[000736380X],"[000736380X, 9780007363803]","Children > Juvenile fiction|Children's stories|Children's stories, English|Children\'s stories|Fantastic fiction|Fantasy|Good and evil > Juvenile fiction|Large Type Books|Large type books|Narnia (Imaginary place)|Narnia (Imaginary place) > Juvenile fiction|fantasy",823.087661,Adventure fiction > By type > English & Old English literatures > English fiction > Fantasy fiction > Genre fiction > High fantasy > Literature & rhetoric > Speculative fiction,,1,amazon.com,2026-04-26,,,1182710,,,,,,,,,
312444993,Harry Potter and the Order of the Phoenix,1,"Rowling, Joanne K.",Author,,,BLOOMSBURY PUBLISHING (2017),2017,,,,,Harry Potter and the Order of the Phoenix by Joanne K. Rowling (2017),Hardcover,,,,,,,,,,,,,,"fantasy, fiction, Harry Potter, magic, children's, wizards, adventure, witches, J.K. Rowling, friendship, British",,English,English,PZ7 .R79835 .H,[1408855933],"[1408855933, 9781408855935]",,823.914,1900- > 1901-1999 > 1945-1999 > English & Old English literatures > English fiction > Literature & rhetoric,,1,amazon.com,2026-04-26,,,115,,,,,,,,,
312444997,Holes,1,"Sachar, Louis",Author,"Radunsky, Vladimir|Ibatoulline, Bagram",Illustrator|Illustrator,"Yearling (2000), 233 pages",2000,,,,,Holes by Louis Sachar (2000),Paperback,272 p.,0.38 pounds,,,,,272 ,,,,,,,"fiction, adventure, friendship, mystery, realistic fiction, humor, holes, family, children's literature, fantasy",,English,English,PZ7 .S1185,[0440414806],"[0440414806, 9780440414803]",Adventure|Adventure stories|Buried treasure > Fiction|Comedy|Family|Friendship > Fiction|Friendship > Juvenile fiction|Homeless persons > Fiction|Homeless persons > Juvenile fiction|Judicial error > United States > Fiction|Juvenile corrections > United States > Fiction|Juvenile delinquency > Fiction|Juvenile delinquency > Juvenile fiction|Juvenile delinquency > fiction|Treasure-trove > Juvenile fiction|adventure stories|comedy,813.6,2000- > American fiction in English > American literature in English > Literature & rhetoric,,1,Amazon.com,2026-04-26,,,1638,,,,,$8.99 (USD),,,,
312445000,Magician,1,"Scott, Michael",Author,,,Corgi,,,,,,Magician by Michael Scott,Paperback,496 p.; 7.64 inches,0.75 pounds,7.64 inches,1.26 inches,4.96 inches,7.64 x 4.96 x 1.26  inches,496 ,,,,,,,"fiction, fantasy, adventure, Nicholas Flamel, supernatural, immortality, urban fantasy, science fiction, young adult fiction",,English,English,PZ7 .S42736 .M,[055256253X],"[055256253X, 9780552562539]",Alchemists > Fiction|Brothers and sisters > Fiction|Magic > Fiction|Paris (France) > Fiction|Supernatural > Fiction|Twins > Fiction,823.914,1900- > 1901-1999 > 1945-1999 > English & Old English literatures > English fiction > Literature & rhetoric,,1,amazon.com,2026-04-26,,,5063389,,,,,,,,,
312445002,Divergent (Divergent Series),1,"Roth, Veronica",Author,"Delort, Nicolas",Photographer,"Katherine Tegen Books (2014), Edition: Reprint, 576 pages",2014,,,,,Divergent (Divergent Series) by Veronica Roth (2014),Paperback,,,,,,,,,,,,,,"science fiction, fantasy, family, action, young adult, dystopia, fiction, dystopian, romance, Chicago, adventure, Divergent, young adult fiction, post-apocalyptic, teen, coming of age",,"English, Spanish",English,PZ7 .R7375,[0062387243],"[0062387243, 9780062387240]",,813.6,2000- > American fiction in English > American literature in English > Literature & rhetoric,,1,amazon.com,2026-04-26,,,10261765,,,,,$12.99 (USD),,,,
312445003,Code Name Bananas: The hilarious and epic new children’s book from multi-million bestselling author David Walliams,1,"Walliams, David",Author,,,"HarperCollinsChildren’sBooks (2020), 480 pages",2020,,,,,Code Name Bananas: The hilarious and epic new children’s book from multi-million bestselling author David Walliams by David Walliams (2020),Hardcover,,,,,,,,,,,,,,"WWII, animals, children's literature, historical fiction, Nazis, London, England, gorillas, adventure, fiction, school, middle grade, escape, children",,English,English,PZ7 .W1593357,[0008305838],"[0008305838, 9780008305833]",,823.92,1900- > 2000- > English & Old English literatures > English fiction > Literature & rhetoric,,1,amazon.com books,2026-04-26,,,25644685,,,,,,,,,
312445004,Theodore Boone: The Abduction,1,"Grisham, John",Author,,,"Penguin USA (2012), Edition: First Edition, 217 pages",2012,,,,,Theodore Boone: The Abduction by John Grisham (2012),Paperback,,,,,,,,,,,,,,"mystery, fiction, crime, young adult, thriller, juvenile fiction, children's, law, lawyers, kidnapping, suspense, missing persons, John Grisham, abduction, legal thriller",,English,English,PZ7 .G88788 .T,[0142421375],"[0142421375, 9780142421376]",,813.54,1900-1999 > 1945-1999 > American fiction in English > American literature in English > Literature & rhetoric,,1,amazon.com,2026-04-26,,,11196291,,,,,$8.99 (USD),,,,
312445005,"Percy Jackson and the Olympians, the Chalice of the Gods",1,"Riordan, Rick",Author,,,"Disney Hyperion (2023), Edition: Media tie-in, 288 pages",2023,,,,,"Percy Jackson and the Olympians, the Chalice of the Gods by Rick Riordan (2023)",Hardcover,,,,,,,,,,,,,,"fantasy, fiction, Greek mythology, Percy Jackson, Percy Jackson and the Olympians, Greek, urban fantasy, Rick Riordan, action, friendship",,English,English,PZ7 .R4829 .C,[1368098177],"[1368098177, 9781368098175]",,813.6,2000- > American fiction in English > American literature in English > Literature & rhetoric,,1,amazon.com books,2026-04-26,,,29714877,,,,,$19.99 (USD),,,,
312445006,"Wonderful, Wicked, and Whizzpopping: The Stories, Characters, and Inventions of Roald Dahl",1,"Dahl, Roald",Author,,,"Puffin Books (2017), 64 pages",2017,,,,,"Wonderful, Wicked, and Whizzpopping: The Stories, Characters, and Inventions of Roald Dahl by Roald Dahl (2017)",Hardcover,,,,,,,,,,,,,,"Roald Dahl, characters, fantasy, children's literature, behind the scenes, picture book, stories, humor, creativity, storytelling, inventions",,English,English,PR6054 .A35 .Z56,[0425289559],"[0425289559, 9780425289556]",,823.914,1900- > 1901-1999 > 1945-1999 > English & Old English literatures > English fiction > Literature & rhetoric,,1,amazon.com books,2026-04-26,,,18973320,,,,,$24.99 (USD),,,,
312445007,The Alcatraz Escape (The Book Scavenger series),5,"Bertman, Jennifer Chambliss",Author,"Watts, Sarah",Illustrator,"Square Fish (2019), Edition: Reprint, 272 pages",2019,,,,,The Alcatraz Escape (The Book Scavenger series) by Jennifer Chambliss Bertman (2019),Paperback,,,,,,,,,,,,,,"mystery, San Francisco, Alcatraz, fiction, California, books about books, codes, games, adventure, juvenile fiction, realistic fiction, prisons, children's mystery, mysteries, middle grade, friends",,English,English,PZ7.1 .C43,[1250308704],"[1250308704, 9781250308702]",,813.6,2000- > American fiction in English > American literature in English > Literature & rhetoric,,1,amazon.com books,2026-04-26,,,21393319,,,,,$7.99 (USD),,,,
312445009,Wings of Fire Book Three: The Hidden Kingdom,1,"Sutherland, Tui T.",Author,,,"Scholastic Inc. (2014), Edition: Reprint, 336 pages",2014,,,,,Wings of Fire Book Three: The Hidden Kingdom by Tui T. Sutherland (2014),Paperback,,,,,,,,,,,,,,"fantasy, dragons, fiction, adventure, middle grade, young adult, magic, prophecy, mystery, kids, fantasy fiction, teen fantasy, juvenile fiction",,English,English,PZ7 .S96694 .H,[0545349257],"[0545349257, 9780545349253]",,813.6,2000- > American fiction in English > American literature in English > Literature & rhetoric,,1,amazon.com,2026-04-26,,,13218730,,,,,$7.99 (USD),,,,
312445011,The Diary of a Young Girl,5,"Frank, Anne",Author,,,"Prakash Book Depot (2015), Edition: First Edition, 280 pages",2015,,,,,The Diary of a Young Girl by Anne Frank (2015),Paperback,,,,,,,,,,,,,,"WWII, Holocaust, history, biography, diary, Netherlands, Anne Frank, memoir, autobiography, Jewish, war, classic, Amsterdam, classics, Jews, 20th century",,English,English,DS135 .N6 .F73313,[8172345194],"[8172345194, 9788172345198]",,940.53492,"1918- > Europe > History & geography > History of Europe > History of Europe > World War II, 1939-1945",,1,amazon.com,2026-04-26,,,7820863,,,,,,,,,
312445013,The dragonet prophecy : the graphic novel,5,"Deutsch, Barry",,,,"New York, NY : Graphix, 2018.",2018,,,,,The dragonet prophecy : the graphic novel by Barry Deutsch (2018),Paperback,,,,,,,,,,,,,,"graphic novel, fantasy, adventure, dragons, fiction, graphic novels, middle grade, children, children's, prophecy, dragon, comics, young adult, comic, youth, Media Center",,,English,PZ7.7 .S876 .W,[0545942152],"[0545942152, 9780545942157]",,741.5,"Arts & recreation > Comic books, graphic novels, fotonovelas, cartoons, caricatures, comic strips > Drawing & decorative arts > Drawing and drawings",,1,"Ontario Library Consortium (Paris, ON)",2026-04-26,,,20641111,,,,,$12.99 (USD),,,,
312445014,A Graphix Book: Wings of Fire Graphic Novel #1: The Dragonet Prophecy,3,"Sutherland, Tui T.",Author,"Holmes, Mike",Illustrator,"Graphix (2018), 224 pages",2018,,,,,A Graphix Book: Wings of Fire Graphic Novel #1: The Dragonet Prophecy by Tui T. Sutherland (2018),Paperback,,,,,,,,,,,,,,"graphic novel, dragons, fantasy, fiction, dragon, comics, comic, youth",,English,English,PZ7.7 .S876 .W,[0545942152],"[0545942152, 9780545942157]",,741.5,"Arts & recreation > Comic books, graphic novels, fotonovelas, cartoons, caricatures, comic strips > Drawing & decorative arts > Drawing and drawings",,1,amazon.com,2026-04-26,,,20641111,,,,,$12.99 (USD),,,,
312445016,Will Solvit Novels: Will Solvit and the T-Rex Terror Bk. 1,1,"Storm, Zed",Author,,,Parragon (2010),2010,,,,,Will Solvit Novels: Will Solvit and the T-Rex Terror Bk. 1 by Zed Storm (2010),Paperback,,,,,,,,,,,,,,"time travel, adventure, action, dinosaurs, fast-paced, mystery, fiction, bravery, historical fiction",,English,English,,[1407589822],"[1407589822, 9781407589824]",,823.92,1900- > 2000- > English & Old English literatures > English fiction > Literature & rhetoric,,1,amazon.com books,2026-04-26,,,11222956,,,,,,,,,
312445017,The Power of Nuclear,5,"Visscher, Marco",Author,,,"Bloomsbury Sigma (2025), 320 pages",2025,,,,,The Power of Nuclear by Marco Visscher (2025),Hardcover,,,,,,,,,,,,,,"nuclear energy, energy policy, environmental science, renewable energy, energy sources, technology, climate change",,English,English,TK9145 .V57,[1399419072],"[1399419072, 9781399419079]",,333.792409,"Economics > Economics of land and energy > Energy > Land, recreational and wilderness areas, energy > Nuclear energy > Primary forms of energy > Social sciences",,1,amazon.com books,2026-04-26,,,32968557,,,,,$28 (USD),,,,
312445018,Danny the Champion of the World,1,"Dahl, Roald",Author,,,Penguin (2016),2016,,,,,Danny the Champion of the World by Roald Dahl (2016),Paperback,,,,,,,,,,,,,,"fiction, adventure, poaching, young adult, children's, humor, fantasy, kids, children, children's fiction, British, children's literature, children's books, Roald Dahl, England",,English,English,PZ7 .D,[0141371374],"[0141371374, 9780141371375]",Children's stories|Fathers and sons > Fiction,823.914,1900- > 1901-1999 > 1945-1999 > English & Old English literatures > English fiction > Literature & rhetoric,,1,amazon.com,2026-04-26,,,5729,,,,,,,,,
312445028,The Secret Garden [Paperback] FRANCES HODGSON BURNETT (International Edition),5,Frances Hodgson Burnett,Author,,,"FINGERPRINT (2018), Edition: International Edition, 280 pages",2018,,,,,The Secret Garden [Paperback] FRANCES HODGSON BURNETT (International Edition) by Frances Hodgson Burnett (2018),Paperback,,,,,,,,,,,,,,"fiction, classics, children's, children's literature, England, young adult, friendship, orphans, children's books, children's fiction, gardens, literature, children's classics, historical fiction",,English,English,PZ7 .B934 .S,[9386538997],"[9386538997, 9789386538994]","American fiction|Bildungsromans|Burnett, Frances Hodgson, 1849-1924. Secret garden|Children with disabilities > Fiction|Children's films and programs|Children's gardens > Fiction|England > Fiction|Fantasy|Features|Friendship > Fiction|Gardening > Yorkshire > Therapeutic use > Juvenile fiction|Gardens > England > Fiction|Gardens > Fiction|Gardens > Juvenile fiction|Gardens > Yorkshire > Juvenile fiction|Great Britain > History > Edward VII, 1901-1910 > Fiction|Imprints 20th century 1911|Orphans > Fiction|Orphans > Juvenile fiction|Orphans > Yorkshire > Juvenile fiction|People with disabilities > Fiction|People with disabilities > Juvenile fiction|Physically handicapped > Yorkshire > Juvenile fiction|Sick children > Fiction|Toy and movable books|Toy and movable books > Specimens|Yorkshire (England) > Fiction|Yorkshire (England) > History > 20th century > Fiction|Yorkshire (England) > Juvenile fiction|fantasy",813.4,American fiction in English > American literature in English > Later 19th Century 1861-1900 > Literature & rhetoric,,1,amazon.com books,2026-04-26,,,2770555,,,,,,,,,
312445030,Lift-The-Flap Engineering,1,"Hall, Rose",Author,"Frith, Alex",Author,"Usborne Publishing Ltd (2018), 16 pages",2018,,,,,Lift-The-Flap Engineering by Rose Hall (2018),Board book,,,,,,,,,,,,,,"engineering, STEM, robotics, coding, lift the flap, science, technology, innovation, education",,English,English,,[1474943659],"[1474943659, 9781474943659]",,620,Engineering > Engineering and allied operations > Technology,,1,amazon.com books,2026-04-26,,,22805532,,,,,,,,,
312445031,"Story of the World, Vol. 2: History for the Classical Child: The Middle Ages",1,"Bauer, Susan Wise",Author,,,"The Well-Trained Mind Press (2007), Edition: Second Edition, Revised, 424 pages",2007,,,,,"Story of the World, Vol. 2: History for the Classical Child: The Middle Ages by Susan Wise Bauer (2007)",Paperback,424 p.; 8.1 inches,1.05 pounds,8.1 inches,1.1 inches,5.2 inches,8.1 x 5.2 x 1.1  inches,424 ,,,,,,,"history, Middle Ages, social studies, world history, medieval history, curriculum, juvenile nonfiction, Zambia, education, elementary, middle school, kids, school",,English,English,D20 .B35,[1933339098],"[1933339098, 9781933339092]",,909,History > History & geography > World history,,1,amazon.com books,2026-04-26,,,16898456,,,,,$17.95 (USD),,,,
312445033,The Dark Secret (Wings of Fire #4),5,"Sutherland, Tui T.",Author,,,"Scholastic Press (2014), Edition: Reprint, 336 pages",2014,,,,,The Dark Secret (Wings of Fire #4) by Tui T. Sutherland (2014),Paperback,,,,,,,,,,,,,,"fantasy, middle grade, fantasy fiction, dragons, young adult, war, fiction, adventure, dragon, children's, children, kids, prophecy, youth",,English,English,PZ7 .S96694 .D,[0545349265],"[0545349265, 9780545349260]",,813.6,2000- > American fiction in English > American literature in English > Literature & rhetoric,,1,amazon.com,2026-04-26,,,14114441,,,,,$7.99 (USD),,,,
312445038,His Last Bow,1,"Doyle, Arthur Conan",Author,,,"Headline (2006), 256 pages",2006,,,,,His Last Bow by Arthur Conan Doyle (2006),Paperback,242 p.; 7.75 inches,0.38 pounds,7.75 inches,0.64 inches,5.09 inches,7.75 x 5.09 x 0.64  inches,242 ,,,,,,,"mystery, fiction, Sherlock Holmes, crime, detective, classics, England, crime fiction, Arthur Conan Doyle, British, British literature",,English,English,PR4622 .H5,[0755334434],"[0755334434, 9780755334438]","Detective and mystery stories, English|Holmes, Sherlock (Fictitious character)|Holmes, Sherlock (Fictitious character) > Fiction|Private investigators > England > Fiction|Short stories, English",823.912,1900- > 1901-1945 > 1901-1999 > English & Old English literatures > English fiction > Literature & rhetoric,,1,amazon.com books,2026-04-26,,,69894,,,,,$13.99 (USD),,,,
312445041,"Blood on the River: James Town, 1607",1,"Carbone, Elisa",Author,,,"Puffin Books (2007), Edition: Reprint, 272 pages",2007,,,,,"Blood on the River: James Town, 1607 by Elisa Carbone (2007)",Paperback,256 p.; 7.76 inches,0.45 pounds,7.76 inches,0.71 inches,5.26 inches,7.76 x 5.26 x 0.71  inches,256 ,,,,,,,"historical fiction, Jamestown, 17th century, history, Colonial America, Pocahontas, John Smith, survival, Virginia, adventure, American history, Native Americans, historical, children's, colonial",,English,English,PZ7 .B,[0142409324],"[0142409324, 9780142409329]","Indians of North America > Virginia > Fiction|Jamestown (Va.) > History > Fiction|Jamestown (Va.) > History > Juvenile fiction|Powhatan Indians > Fiction|Virginia > History > Colonial period, ca. 1600-1775 > Fiction",813.6,2000- > American fiction in English > American literature in English > Literature & rhetoric,,1,amazon.com,2026-04-26,,,1109548,,,,,$7.99 (USD),,,,
312445052,CHRONICLES OF NARNIA THE VOYAGE OF THE DAWN TREADER,1,"Lewis, C. S.",Author,,,HARPER COLLINS INDIA (2014),2014,,,,,CHRONICLES OF NARNIA THE VOYAGE OF THE DAWN TREADER by C. S. Lewis (2014),Paperback,,,,,,,,,,,,,,planets,,English,,QB600 .P54,[0007363680],"[0007363680, 9780007363681]",Astronautics in astronomy > Periodicals|Planets > Exploration > Periodicals,523.4,"Astronomy > Natural sciences & mathematics > Planets, asteroids and trans-Neptunian objects > Specific celestial bodies and phenomena",,1,amazon.com,2026-04-26,,,1171916,,,,,,,,,
312445058,Harry Potter and the Prisoner of Azkaban,1,"Rowling, Joanne K.",Author,,,BLOOMSBURY PUBLISHING (2017),2017,,,,,Harry Potter and the Prisoner of Azkaban by Joanne K. Rowling (2017),Hardcover,,,,,,,,,,,,,,"fantasy, fiction, Harry Potter, magic, wizards, children's literature, witches, England, J.K. Rowling, children's fiction, British, school",,English,English,PR6068 .O93,[1408855917],"[1408855917, 9781408855911]","Adventure > Juvenile fiction|Children's fiction|Children's fiction > 20th century|Children's stories|Children\'s stories|England > Fiction|England > Juvenile fiction|England > fiction|England. > Juvenile fiction|Fantastic fiction|Fantasy fiction > Juvenile|Fantasy fiction, Juvenile|Feature|Fiction (Curriculum Center|Harry Potter and the prisoner of Azkaban (Motion picture) > Pictorial works|Hogwarts School of Witchcraft and Wizardry (Imaginary place) > Juvenile fiction|Juvenile literature|Magic > Fiction|Magic > Juvenile Fiction|Magic > Juvenile fiction|Magic > Juvenile literature|Potter, Harry (Fictitious character)|Potter, Harry (Fictitious character) > Fiction|Potter, Harry (Fictitious character) > Juvenile fiction|Schools > FIction|Schools > Fiction|Schools > Juvenile Fiction|Schools > Juvenile fiction|Schools > fiction|Wizards > Fiction|Wizards > Juvenile fiction|Wizards > Juvenile literature|fantastic fiction|juvenile literature",823.914,1900- > 1901-1999 > 1945-1999 > English & Old English literatures > English fiction > Literature & rhetoric,,1,amazon.com,2026-04-26,,,2742161,,,,,,,,,
312445059,Insurgent (Divergent Series),1,"Roth, Veronica",Author,,,"Katherine Tegen Books (2015), Edition: Reissue, 592 pages",2015,,,,,Insurgent (Divergent Series) by Veronica Roth (2015),Paperback,,,,,,,,,,,,,,"young adult, science fiction, dystopian, fiction, Divergent, post-apocalyptic, young adult fiction, Divergent Series",,English,English,PZ7 .R7375 .I,[0062024051],"[0062024051, 9780062024053]",,813.6,2000- > American fiction in English > American literature in English > Literature & rhetoric,,1,amazon.com,2026-04-26,,,11657372,,,,,$12.99 (USD),,,,
312445061,Ultimate Explorer Field Guide: Birds,1,"Beer, Julie",Author,,,"National Geographic Kids (2016), Edition: Illustrated, 160 pages",2016,,,,,Ultimate Explorer Field Guide: Birds by Julie Beer (2016),Paperback,,,,,,,,,,,,,,"birds, North America, field guide, identification, nature, animals, wildlife, birding, activities, maps",,English,English,QL676.2 .B45,[1426322992],"[1426322992, 9781426322990]",,598.072,"Animals (Zoology) > Birds > Education, research, related topics > Natural sciences & mathematics > Ornithology, birdwatching and field guides > Research",,1,amazon.com books,2026-04-26,,,17311728,,,,,$12.99 (USD),,,,
312445062,"Sapiens A Graphic History, Volume 1: The Birth of Humankind",1,"Vandermeulen, David",Author,"Casanave, Daniel|Harari, Yuval Noah",Illustrator|Author,"Jonathan Cape Ltd (2020), 248 pages",2020,,,,,"Sapiens A Graphic History, Volume 1: The Birth of Humankind by David Vandermeulen (2020)",Hardcover,,,,,,,,,,,,,,"history, graphic novel, anthropology, evolution, science, comics, comic, sociology, biology, Comics & Graphic Novels, civilization, prehistory, sequential-art, homo sapiens, coalitions",,English,English,CB25 .H3713,[1787332810],"[1787332810, 9781787332812]",,909,History > History & geography > World history,,1,amazon.com books,2026-04-26,,,25640345,,,,,,,,,
312445066,The Illustrated Encyclopedia of Dinosaurs & Prehistoric Creatures,5,"Cox, Barry",Author,,,"Chartwell Books, Inc. (2011), Edition: Revised, Updated ed., 312 pages",2011,,,,,The Illustrated Encyclopedia of Dinosaurs & Prehistoric Creatures by Barry Cox (2011),Hardcover,,,,,,,,,,,,,,"dinosaurs, paleontology, natural history, evolution, encyclopedia, zoology, prehistoric, mammals",,English,English,QE841 .M225,[0785828605],"[0785828605, 9780785828600]","Dinosaurs > Encyclopedias|Vertebrates, Fossil > Encyclopedias",566.03,"Fossil Chordata > Fossils, dinosaurs, prehistoric life > Natural sciences & mathematics",,1,amazon.com,2026-04-26,,,37696,,,,,$19.99 (USD),,,,
312445067,The First World War Adventures Of Nariman Karkaria: A Memoir,5,Nariman Karkaria,Author,"Ranganathan, Murali",Translator,"HarperCollins India (2022), 260 pages",2022,,,,,The First World War Adventures Of Nariman Karkaria: A Memoir by Nariman Karkaria (2022),Hardcover,,,,,,,,,,,,,,"history, historical non-fiction, military history, memoir",,English,English,,[9354895166],"[9354895166, 9789354895166]",,940.341,"Europe > History & geography > History of Europe > History of Europe > Scotland and Ireland > World War I, 1914-1918",,1,amazon uk books,2026-04-26,,,28134532,,,,,,,,,
312445068,The Sun and the Star (From the World of Percy Jackson),5,"Riordan, Rick",Author,"Oshiro, Mark",Author,"Puffin (2023), 480 pages",2023,,,,,The Sun and the Star (From the World of Percy Jackson) by Rick Riordan (2023),Paperback,,,,,,,,,,,,,,"fantasy, fiction, young adult, Greek mythology, LGBTQ, queer, Percy Jackson, adventure, middle grade, Rick Riordan, romance, Greek, urban fantasy",,English,English,PZ7 .R4829 .S,[0241627680],"[0241627680, 9780241627686]",,813.6,2000- > American fiction in English > American literature in English > Literature & rhetoric,,1,amazon.com books,2026-04-26,,,29027734,,,,,,,,,
312445069,Bright new days!,1,"Falzar, (Comic book writer)",,,,"New York : Amulet Books, 2024.",2024,,,,,Bright new days! by (Comic book writer) Falzar (2024),Paperback,,,,,,,,2025417376,,,,,,"comics, comic, Comics & Graphic Novels, graphic novel, graphic novels",,,,PZ7.7.F356Br 2024,[9781419755422],"[9781419755422, 1419755420]",,741.5/973E,"Arts & recreation > Comic books, graphic novels, fotonovelas, cartoons, caricatures, comic strips > Drawing & decorative arts > Drawing and drawings",,1,"Library of Congress (Washington, DC)",2026-04-26,,,36245815,,,,,$8.99 (USD),,,,
312445070,We Are the Smurfs: Bright New Days! (We Are the Smurfs Book 3),1,Peyo,Author,,,"Harry N. Abrams (2024), 128 pages",2024,,,,,We Are the Smurfs: Bright New Days! (We Are the Smurfs Book 3) by Peyo (2024),Paperback,,,,,,,,,,,,,,"graphic novel, graphic novels, Comics & Graphic Novels, comics, comic, comic book, comic books, children's literature, children's, children's fiction, children, children's books, smurfs, fantasy, fantasy fiction",,,English,,[1419755420],"[1419755420, 9781419755422]",,,,,1,amazon.com all media,2026-04-26,,,36245816,,,,,$8.99 (USD),,,,
312445073,The Mahabharatha : a child's view,5,"Arni, Samhita",,,,"Madras : Tara Pub., c1996.",1996,,,,,The Mahabharatha : a child's view by Samhita Arni (1996),Paperback,,,,,,,120 ,97902387,,,,,,"India, Mahabharata, religion, myth",,,English,BL1138.25.A67 1996,[8186211209],"[8186211209, 9788186211205]",,294.5/923046,Hinduism > Other religions > Religion > Religions of Indic origin,,1,"Library of Congress (Washington, DC)",2026-04-26,,,12521758,,,,,,,,,
312445075,Wings of Fire,1,"Deutsch, Barry",Author,"Holmes, Mike",Illustrator,"Graphix (2018), 224 pages",2018,,,,,Wings of Fire by Barry Deutsch (2018),Paperback,,,,,,,,,,,,,,"graphic novel, fantasy, dragons, fiction, adventure, middle grade, prophecy, comics, young adult, youth",,English,English,PZ7.7 .S876 .W,[0545942152],"[0545942152, 9780545942157]",,741.5,"Arts & recreation > Comic books, graphic novels, fotonovelas, cartoons, caricatures, comic strips > Drawing & decorative arts > Drawing and drawings",,1,amazon.com,2026-04-26,,,20641111,,,,,$12.99 (USD),,,,
312445076,Wings Of Fire Graphic Novel #05: The Brightest Night (Graphix),1,,,,,Tekola,,,,,,Wings Of Fire Graphic Novel #05: The Brightest Night (Graphix),Paperback,,,,,,,,,,,,,,"graphic novel, dragon, fantasy, fiction, Junior Fiction, adventure, fantasy adventure, children's fiction",,English,,PZ7.7 .D507 .W,[9354713386],"[9354713386, 9789354713385]",,741.5,"Arts & recreation > Comic books, graphic novels, fotonovelas, cartoons, caricatures, comic strips > Drawing & decorative arts > Drawing and drawings",,1,amazon.com books,2026-04-26,,,26941933,,,,,,,,,
312445077,Amulet Book #8: Supernova,1,"Kibuishi, Kazu",Author,,,"SCHOLASTIC (2020), Edition: 1",2020,,,,,Amulet Book #8: Supernova by Kazu Kibuishi (2020),Paperback,,,,,,,,,,,,,,"graphic novel, fantasy, fiction, graphic novels, amulet, comics, middle grade, adventure, science fiction, magic, family, young adult, mystery, Comics & Graphic Novels, children, comic",,English,English,PN6728 .A485 .K53,[9389823986],"[9389823986, 9789389823981]",,741.5,"Arts & recreation > Comic books, graphic novels, fotonovelas, cartoons, caricatures, comic strips > Drawing & decorative arts > Drawing and drawings",,1,amazon.com books,2026-04-26,,,21717486,,,,,,,,,
312445079,Fantastic Mr Fox,1,"Dahl, Roald",Author,,,Puffin (2016),2016,,,,,Fantastic Mr Fox by Roald Dahl (2016),Paperback,,,,,,,,,,,,,,"fiction, fantasy, animals, humor, children's books, Roald Dahl, children's literature, adventure, children's fiction, kids, fox, farmers, juvenile",,English,English,PZ7 .F,[0141371382],"[0141371382, 9780141371382]",Children's stories|Foxes > Fiction,823.914,1900- > 1901-1999 > 1945-1999 > English & Old English literatures > English fiction > Literature & rhetoric,,1,amazon.com,2026-04-26,,,6446,,,,,,,,,
312445080,J. K. Rowling's Wizarding World: Movie Magic Volume Three: Amazing Artifacts,1,"Burton, Bonnie",Author,,,"Walker Books (2017), 96 pages",2017,,,,,J. K. Rowling's Wizarding World: Movie Magic Volume Three: Amazing Artifacts by Bonnie Burton (2017),Hardcover,,,,,,,,,,,,,,"Harry Potter, fantastic beasts, magical creatures, fantasy, young adult",,English,English,,[1406377031],"[1406377031, 9781406377033]",,791.4375,"Arts & recreation > Films; screenplays > Motion pictures > Motion pictures, radio, television, podcasting > Public performances > Recreation, sports, and performing arts > Two or more films",,1,amazon.com books,2026-04-26,,,20518394,,,,,,,,,
312445082,"Eragon - Inheritance, Book One",1,"Paolini, Christopher",Author,,,"Alfred A. Knopf (2005), Edition: New Ed",2005,,,,,"Eragon - Inheritance, Book One by Christopher Paolini (2005)",Paperback,528 p.; 7.72 inches,0.79 pounds,7.72 inches,1.42 inches,5.04 inches,7.72 x 5.04 x 1.42  inches,528 ,,,,,,,"fantasy, adventure, Inheritance Cycle, high fantasy, fiction, dragon, science fiction, young adult fiction, dragons, Eragon, young adult, elves, inheritance, magic, children's, dwarves",,English,English,PZ7 .P19535 .E,[0552552097],"[0552552097, 9780552552097]","Children's stories|Dragons > Fiction|Dragons > Juvenile fiction|Fantasy|Fantasy fiction|Fantasy fiction, Juvenile|Imaginary places > Juvenile fiction|Magic > Fiction|Magic > Juvenile Fiction|Magic > Juvenile fiction|Movie novels|Youths' writings|Youths\' writings|fantasy|fantasy fiction",813.6,2000- > American fiction in English > American literature in English > Literature & rhetoric,,1,amazon.com,2026-04-26,,,6518,,,,,,,,,
312445083,Science! (Knowledge Encyclopedias),1,DK,Author,,,"DK Children (2018), 208 pages",2018,,,,,Science! (Knowledge Encyclopedias) by DK (2018),Hardcover,,,,,,,,,,,,,,"science, physics, chemistry, educational, reference, space, solar system, earth, energy, children, biology, matter, nature, technology, engineering",,English,English,Q163 .B38,[1465473637],"[1465473637, 9781465473639]",,503,"Dictionaries, encyclopedias, concordances > Natural sciences & mathematics > Science",,1,amazon.com,2026-04-26,,,22378773,,,,,$24.99 (USD),,,,
312445084,The phantom toll booth,5,"Black, Arnold",,,,"Oskaloosa, Iowa : New York, NY : Kennedy Center ; MTI, [2007]",2007,,,,,The phantom toll booth by Arnold Black (2007),,,,,,,,,2024617451,,,,,,"fiction, fantasy fiction, fantasy, unique",,,,SDD 75033,,,,,,,1,"Library of Congress (Washington, DC)",2026-04-26,,,36245818,,,,,,,,,
312445086,The Fairy Tales of Hans Christian Andersen (Spanish Edition),5,"Andersen, Hans Christian",Author,"Daniel, Noel",Editor,"TASCHEN (2013), 320 pages",2013,,,,,The Fairy Tales of Hans Christian Andersen (Spanish Edition) by Hans Christian Andersen (2013),Paperback,,,,,,,,,,,,,,"fairy tales, fantasy, short stories, Taschen, classic, classics, children's, Danish, fiction, children, Scandinavia, Andersen, tales",,Spanish,Spanish,PZ8 .A54,[3836543885],"[3836543885, 9783836543880]",,398.209489,"Customs, etiquette & folklore > Denmark; Finland > European folktales > Folk literature > Folklore > Folklore of Scandanavia > History, geographic treatment, biography > Social sciences",,1,amazon.com books,2026-04-26,,,15308684,,,,,,,,,
312445087,The Maze Runner (Maze Runner Series),5,"Dashner, James",Author,,,"Chicken House Ltd (2014), 384 pages",2014,,,,,The Maze Runner (Maze Runner Series) by James Dashner (2014),Hardcover,,,,,,,,,,,,,,"science fiction, dystopia, fiction, adventure, fantasy, post-apocalyptic, amnesia, Maze Runner, young adult fiction, teen, thriller, action",,English,English,PZ7 .D2587 .M,[1910002496],"[1910002496, 9781910002490]",,813.6,2000- > American fiction in English > American literature in English > Literature & rhetoric,,1,amazon.co.uk,2026-04-26,,,8206950,,,,,,,,,
312445089,I Came Upon a Lighthouse: A Short Memoir of Life with Ratan Tata,3,"Naidu, Shantanu",Author,"Desai, Sanjana",Author,"HarperCollins India (2021), 232 pages",2021,,,,,I Came Upon a Lighthouse: A Short Memoir of Life with Ratan Tata by Shantanu Naidu (2021),Hardcover,,,,,,,,,,,,,,"biography, autobiography, memoir, inspirational",,English,English,,[9390327520],"[9390327520, 9789390327522]",,658.4092,Executive > General management > Leadership > Management & public relations > Personal Aspects > Technology,,1,amazon.com books,2026-04-26,,,26112267,,,,,$26.99 (USD),,,,
312445091,Sherlock Holmes: The hound of the Baskervilles,1,"Doyle, Arthur Conan",Author,,,"Ren Kitap (2019), 256 pages",2019,,,,,Sherlock Holmes: The hound of the Baskervilles by Arthur Conan Doyle (2019),Paperback,,,,,,,,,,,,,,"mystery, fiction, Sherlock Holmes, short stories, classics, crime, English, detective, literature, London, English literature, Detective Stories, classic mystery, classic literature, movie",,"English, Turkish",English,PZ3 .D772,[605794450X],"[605794450X, 9786057944504]",,028.5,"Computer science, information & general works > Library & information sciences > Reading and use of other information media > Reading of young; Juveniles",,1,amazon.com books,2026-04-26,,,12025086,,,,,,,,,
312445093,Malamander,1,Taylor Thomas,Author,,,WALKER BOOKS (2019),2019,,,,,Malamander by Taylor Thomas (2019),Paperback,,,,,,,,,,,,,,"fantasy, fiction, mystery, adventure, magic, monsters, children's books, ghosts, children's literature, orphans, humor",,English,English,PZ7 .T395678,[1406393029],"[1406393029, 9781406393026]",,823.92,1900- > 2000- > English & Old English literatures > English fiction > Literature & rhetoric,,1,amazon.com books,2026-04-26,,,23093146,,,,,,,,,
312445095,A Peculiar Problem: The brilliantly funny follow-up to The Accidental Wizard,3,"Pauley, Kimberly",Author,,,"Scholastic (2022), Edition: 1",2022,,,,,A Peculiar Problem: The brilliantly funny follow-up to The Accidental Wizard by Kimberly Pauley (2022),Paperback,,,,,,,,,,,,,,"fantasy, fantasy fiction, wizards, magic, fiction",,English,English,,[1407195727],"[1407195727, 9781407195728]",,813.6,2000- > American fiction in English > American literature in English > Literature & rhetoric,,1,amazon.com books,2026-04-26,,,34087787,,,,,,,,,
312445096,Circus Mirandus,1,"Beasley, Cassie",Author,,,"Puffin Books (2016), Edition: Reprint, 320 pages",2016,,,,,Circus Mirandus by Cassie Beasley (2016),Paperback,,,,,,,,,,,,,,"fantasy, death, grandfathers, children's literature, magic, magical realism, grandparents, young adult, fiction, friendship, circus, middle grade, family, children's, grandfather, children",,English,English,PZ7.1 .B432 .C,[0147515548],"[0147515548, 9780147515544]",,813.6,2000- > American fiction in English > American literature in English > Literature & rhetoric,,1,amazon.com,2026-04-26,,,15701751,,,,,$8.99 (USD),,,,
312445098,Head Kid,1,"Baddiel, David",Author,,,"HarperCollins (2019), 400 pages",2019,,,,,Head Kid by David Baddiel (2019),Paperback,,,,,,,,,,,,,,"humor, middle grade, children's fiction, fiction, teachers, mischief, fantasy, wish fulfillment",,English,English,,[0008200564],"[0008200564, 9780008200565]",,813.6,2000- > American fiction in English > American literature in English > Literature & rhetoric,,1,amazon.com books,2026-04-26,,,22562877,,,,,,,,,
312445100,The Wild Robot Escapes,5,"(author), Peter Brown",Author,,,Piccadilly Press (2018),2018,,,,,The Wild Robot Escapes by Peter Brown (author) (2018),Paperback,,,,,,,,,,,,,,"science fiction, robots, fiction, fantasy, animals, adventure, friendship, middle grade, family, survival, nature, technology, humor, juvenile fiction, farm",,English,English,PZ7 .B8668 .W,[1848127510],"[1848127510, 9781848127517]",,813.6,2000- > American fiction in English > American literature in English > Literature & rhetoric,,1,amazon.com,2026-04-26,,,19577770,,,,,,,,,
312445107,Quidditch Through the Ages (Harry Potter),1,"Whisp, Kennilworthy",Author,,,"Arthur A. Levine Books (2017), Edition: Reprint, 128 pages",2017,,,,,Quidditch Through the Ages (Harry Potter) by Kennilworthy Whisp (2017),Hardcover,,,,,,,,,,,,,,"Harry Potter, quidditch, sports, wizards, J.K. Rowling, reference, children's literature, fiction, fantasy, magic, young adult, children's fiction",,English,English,PR6068 .O93,[1338125745],"[1338125745, 9781338125740]",Children's stories|Fantasy fiction|Sports > Miscellanea|Wizards > Juvenile fiction|fantasy fiction,823.92,1900- > 2000- > English & Old English literatures > English fiction > Literature & rhetoric,,1,amazon.com,2026-04-26,,,3196299,,,,,$12.99 (USD),,,,
312445108,Jonathan Livingston Seagull : the complete edition,1,"Bach, Richard",,,,"New York : Scribner, 2014.",2014,,,,,Jonathan Livingston Seagull : the complete edition by Richard Bach (2014),Paperback,,,,,,,,2014501688,,,,,,"philosophy, spirituality, inspirational, literature, allegory, classics, American literature, seagulls, inspiration",,,English,PS3552.A255J6 2014,[9781476793313],"[9781476793313, 147679331X]",Animal films and programs|Gulls > Drama|Gulls > Fiction|Large Type Books|Large type books,813/.54,1900-1999 > 1945-1999 > American fiction in English > American literature in English > Literature & rhetoric,,1,"Library of Congress (Washington, DC)",2026-04-26,,,16387,,,,,$15 (USD),,,,
312445110,Gaia: Goddess of Earth,1,"Greenberg, Imogen",Author,,,Bloomsbury Children's Books (2022),2022,,,,,Gaia: Goddess of Earth by Imogen Greenberg (2022),Hardcover,,,,,,,,,,,,,,"graphic novel, Greek mythology, Gaia, greek gods, Ancient Greece, graphic novels, feminism, feminist, fiction, Zeus, Titans, goddess",,English,English,BL820 .G35 .G74,[1526625709],"[1526625709, 9781526625700]",,398.21,"Customs, etiquette & folklore > Folk literature > Folklore > Social sciences > Tales and lore of paranatural beings of human and semihuman form",,1,amazon.com books,2026-04-26,,,28639776,,,,,,,,,
312445114,The Tower of Nero (The Trials of Apollo Book 5),5,,,,,Penguin Random House India Private Limited - Ggn/Gurgaon,,,,,,The Tower of Nero (The Trials of Apollo Book 5),Paperback,,,,,,,,,,,,,,"fantasy, fiction, Greek mythology, young adult, adventure, middle grade, Percy Jackson, Rick Riordan, magical realism, children's, gods, magic, greek gods",,English,English,PZ7 .R4829 .T,[0141364084],"[0141364084, 9780141364087]",,813.6,2000- > American fiction in English > American literature in English > Literature & rhetoric,,1,amazon.com books,2026-04-26,,,17568809,,,,,,,,,
312445115,Funny Folktales (A Chapter Book) (Amar Chitra Katha Folktales Series),1,"Baretto, Christopher",Author,,,"Harper Children's (2021), 140 pages",2021,,,,,Funny Folktales (A Chapter Book) (Amar Chitra Katha Folktales Series) by Christopher Baretto (2021),Paperback,,,,,,,,,,,,,,"folklore, Mythology, humor",,English,English,,[9354222714],"[9354222714, 9789354222719]",,398.20954,"Asian folktales > Customs, etiquette & folklore > Folk literature > Folklore > Folklore from the Indian subcontinent > History, geographic treatment, biography > Social sciences",,1,amazon.com books,2026-04-26,,,33706788,,,,,$5.99 (USD),,,,
312445135,THE FELLOWSHIP OF THE RING (Book 1),5,"Tolkien, J.R.R.",Author,,,"HarperFiction (2022), Edition: tie-in edition tv, 448 pages",2022,,,,,THE FELLOWSHIP OF THE RING (Book 1) by J.R.R. Tolkien (2022),Paperback,,,,,,,,,,,,,,"fantasy, fiction, Lord of the Rings, Tolkien, Middle Earth, epic, hobbits, dwarves, literature, high fantasy, adventure, epic fantasy, classics, magic, elves",,English,English,PR6039 .O32,[0008537720],"[0008537720, 9780008537722]","Adventure fiction|Baggins, Frodo (Fictitious character) > Fiction|Fantastic fiction. gsafd|Fantasy|Fantasy Fiction, English|Fantasy fiction|Fantasy fiction, English|Feature|Fiction in English|Middle Earth (Imaginary place) > Fiction|Middle-earth (Imaginary place) > Fiction|Paperback > Fantasy|Young adult fiction|fantasy|fantasy fiction|fiction in English",823.912,1900- > 1901-1945 > 1901-1999 > English & Old English literatures > English fiction > Literature & rhetoric,,1,amazon.com books,2026-04-26,,,3203347,"Chhaparwal, Ahaan",Checked out,2026-05-10,2026-06-12,,,,,
312445138,Giraffe and the pelly and me,1,"Dahl, Roald",Author,,,Penguin (2016),2016,,,,,Giraffe and the pelly and me by Roald Dahl (2016),Paperback,,,,,,,,,,,,,,"fiction, fantasy, humor, Roald Dahl, children's literature, giraffes, children's fiction, children's books, Dahl",,English,English,PZ7 .G,[0141371455],"[0141371455, 9780141371450]",Candy > Fiction|Giraffe > Fiction|Imprints 20th century 1985|Juvenile literature|Juvenile literature > England > London > 1985|Monkeys > Fiction|Pelicans > Fiction|juvenile literature,823.914,1900- > 1901-1999 > 1945-1999 > English & Old English literatures > English fiction > Literature & rhetoric,,1,amazon.com,2026-04-26,,,28714,,,,,,,,,
312445141,"Norse Mythology: Tales of the Gods, Sagas and Heroes",1,"Brown, Abbie Farwell",Author,"Litchfield, Mary E.|Sarah Powers Bradish",Author|Author,"Arcturus Publishing Limited (2019), 383 pages",2019,,,,,"Norse Mythology: Tales of the Gods, Sagas and Heroes by Abbie Farwell Brown (2019)",Hardcover,,,,,,,,,,,,,,"Norse mythology, fantasy, Norse, folklore, gods, legends",,,English,BL860,[1838570268],"[1838570268, 9781838570262]",,293.13,Germanic religion > Mythologies > Mythology--Germanic religion > Other religions > Religion,,1,amazon.com books,2026-04-26,,,21773877,,,,,,,,,
312445143,"The Fork, the Witch, and the Worm : Tales from Alagaesia Volume 1: Eragon",5,"Christopher, Paolini",Author,,,PENGUIN (2020),2020,,,,,"The Fork, the Witch, and the Worm : Tales from Alagaesia Volume 1: Eragon by Paolini Christopher (2020)",Paperback,,,,,,,,,,,,,,"fantasy, dragons, fiction, young adult, magic, short stories, Inheritance Cycle, high fantasy, adventure, elves, Alagaesia, Science Fiction/Fantasy, Eragon, anthologies, epic fantasy",,English,English,PZ7 .P19535 .F,[024139239X],"[024139239X, 9780241392393]",,813.6,2000- > American fiction in English > American literature in English > Literature & rhetoric,,1,amazon.com books,2026-04-26,,,22535078,,,,,,,,,
312445145,Timelines from Indian History: From ancient civilizations to a modern democracy (DK Children's Timelines),1,DK,Author,,,"DK Children (2022), 196 pages",2022,,,,,Timelines from Indian History: From ancient civilizations to a modern democracy (DK Children's Timelines) by DK (2022),Hardcover,,,,,,,,,,,,,,"India, ancient civilizations, history, timelines, colonialism, culture, society, politics, democracy",,English,English,DS433 .T56,[0744054540],"[0744054540, 9780744054545]",,954,History & geography > History of Asia > India and neighboring south Asian countries,,1,amazon.com books,2026-04-26,,,27120887,,,,,$24.99 (USD),,,,
312445146,"Liz Pichon Tom Gates 6 Books Collection Set Pack RRP 35.95 (Genius Ideas, Everything Amazing, Excellent Excuses, The Brilliant World of Tom Gates, Tom Gates is Absolutley Fantastic, Best Book Day Ever)",1,"Pichon, Liz",Author,,,Scholastic (2013),2013,,,,,"Liz Pichon Tom Gates 6 Books Collection Set Pack RRP 35.95 (Genius Ideas, Everything Amazing, Excellent Excuses, The Brilliant World of Tom Gates, Tom Gates is Absolutley Fantastic, Best Book Day Ever) by Liz Pichon (2013)",Paperback,,,,,,,,,,,,,,"fiction, children's literature, children's, children's fiction, children, children's books, diary",,English,,,[935103299X],"[935103299X, 9789351032991]",,823.92,1900- > 2000- > English & Old English literatures > English fiction > Literature & rhetoric,,1,amazon.com,2026-04-26,,,24921189,,,,,,,,,
312445160,"National Geographic Kids Everything Ancient Egypt: Dig Into a Treasure Trove of Facts, Photos, and Fun",1,"Boyer, Crispin",Author,,,"National Geographic Children's Books (2012), 64 pages",2012,,,,,"National Geographic Kids Everything Ancient Egypt: Dig Into a Treasure Trove of Facts, Photos, and Fun by Crispin Boyer (2012)",Paperback,,,,,,,,,,,,,,"Ancient Egypt, Egypt, history, pyramids, National Geographic Kids, National Geographic, Middle East, Egyptians, Tutankhamun, Pharaohs",,English,English,DT61 .B676,[142630840X],"[142630840X, 9781426308406]",,932.01,Early history to 332 BC > Egypt to 640 > History & geography > History of ancient world (to ca. 499),,1,amazon.com,2026-04-26,,,12330273,,,,,$12.95 (USD),,,,
312445163,Maze Runner: Kill Order,1,"Dashner, James",Author,,,"Chicken House (2013), Edition: 42882nd",2013,,,,,Maze Runner: Kill Order by James Dashner (2013),Paperback,,,,,,,,,,,,,,"science fiction, young adult, fiction, dystopian, Maze Runner, post-apocalyptic, fantasy, survival, adventure, Maze Runner Series, young adult fiction, friendship, teen, action",,"English, French",English,PZ7 .D2587 .K,[1908435593],"[1908435593, 9781908435590]",,813.6,2000- > American fiction in English > American literature in English > Literature & rhetoric,,1,amazon.com,2026-04-26,,,12093568,,,,,,,,,
312445164,The Alhambra Told to Children,5,"Villa-Real, Ricardo",Author,"Bayés, Pilarín",Illustrator,"Ediciones Miguel Sanchez (1997), Edition: 1st, 35 pages",1997,,,,,The Alhambra Told to Children by Ricardo Villa-Real (1997),Paperback,38 p.; 11.3 inches,0.5 pounds,11.3 inches,0.2 inches,9.2 inches,11.3 x 9.2 x 0.2  inches,38 ,,,,,,,"history, Spain",,"English, Spanish",English,DP402 .A4 .V45513,[8471690535],"[8471690535, 9788471690531]",,914.682,"Andalusia autonomous community and Gibraltar > Geography & travel > Geography of and travel in Europe > Granada province; Granada > History & geography > Spain, Andorra, Gibraltar, Portugal",,1,amazon.com,2026-04-26,,,3122277,,,,,,,,,
312445171,The Memoirs of Sherlock Holmes,5,"Doyle, Arthur Conan",Author,,,"Penguin Books (1951), 256 pages",1951,,,,,The Memoirs of Sherlock Holmes by Arthur Conan Doyle (1951),Paperback,256 p.; 7.01 inches,0.18 pounds,7.01 inches,0.79 inches,4.33 inches,7.01 x 4.33 x 0.79  inches,256 ,,,,,,,"mystery, fiction, Sherlock Holmes, detective, crime, classic, England, crime fiction, English literature, Arthur Conan Doyle",,English,English,PR4622 .M4,[0140007857],"[0140007857, 9780140007855]","Detective and mystery stories|Detective and mystery stories, English|England > Fiction|England > fiction|Holmes, Sherlock (Fictitious character)|Holmes, Sherlock (Fictitious character) > Fiction|Private investigators > England > Fiction|Watson, John H. (Fictitious character) > Fiction",823.8,1837-1899 > English & Old English literatures > English fiction > Literature & rhetoric,,1,Amazon.com,2026-04-26,,,19809,,,,,$3.95 (USD),,,,
312445176,"The False Prince (The Ascendance Series, Book 1)",5,"Nielsen, Jennifer A.",Author,,,"Scholastic Paperbacks (2013), Edition: Reissue, 352 pages",2013,,,,,"The False Prince (The Ascendance Series, Book 1) by Jennifer A. Nielsen (2013)",Paperback,,,,,,,,,,,,,,"fantasy, prince, royalty, princes, adventure, mystery, unreliable narrator, fiction, middle grade, young adult, impersonation, action, orphans, thieves, children's, intrigue",,English,English,PZ7 .N5672 .F,[0545284147],"[0545284147, 9780545284141]",,813.6,2000- > American fiction in English > American literature in English > Literature & rhetoric,,1,amazon.com books,2026-04-26,,,11381563,,,,,$7.99 (USD),,,,
312445187,I Am Malala: The Girl Who Stood Up for Education and was Shot by the Taliban,3,"Yousafzai, Malala; Lamb, Christina",Author,,,"Weidenfeld & Nicolson (2014), 296 pages",2014,,,,,"I Am Malala: The Girl Who Stood Up for Education and was Shot by the Taliban by Malala; Lamb Yousafzai, Christina (2014)",Paperback,,,,,,,,,,,,,,"biography, memoir, Pakistan, education, autobiography, Taliban, politics, women's rights, terrorism, women, Islam, feminism, human rights, history, Afghanistan, Middle East",,English,English,LC2330 .Y69,[1780226586],"[1780226586, 9781780226583]",,371.8220954910924,Culture Studies > Education > Fagging and hazing; Bullying; German student duels > Schools and their activities; special education > Social sciences,,1,amazon.com,2026-04-26,,,14261380,,,,,,,,,
312445188,The Ickabog,5,"Rowling, J. K.",Author,,,"Scholastic Inc. (2020), Edition: Illustrated, 304 pages",2020,,,,,The Ickabog by J. K. Rowling (2020),Hardcover,,,,,,,,,,,,,,"fantasy, fiction, fairy tales, monsters, J.K. Rowling, children's fiction, young adult",,English,English,PZ7 .R79835 .I,[1338732870],"[1338732870, 9781338732870]",,823.92,1900- > 2000- > English & Old English literatures > English fiction > Literature & rhetoric,,1,amazon.com books,2026-04-26,,,24883784,,,,,$26.99 (USD),,,,
312445189,Ramen for Beginners: Traditional and Modern Recipes Made Simple,1,"Donovan, Robin",Author,,,"Callisto (2020), 178 pages",2020,,,,,Ramen for Beginners: Traditional and Modern Recipes Made Simple by Robin Donovan (2020),Paperback,,,,,,,,,,,,,,"ramen, cooking, recipes, cookbook, Japanese cuisine, home cooking, Asian cuisine, food and drink, food",,English,English,TX724.5 .J3,[1646112814],"[1646112814, 9781646112814]",,641.822,"Cooking specific kinds of dishes and preparing beverages > Entrees, Main Dishes > Food and drink > Home economics & family management > Pasta, Noodles  > Technology",,1,amazon.com books,2026-04-26,,,25732699,,,,,$13.99 (USD),,,,
312445191,"Unstoppable Us, Volume 1: How Humans Took Over the World, from the author of the multi-million bestselling Sapiens",1,"Harari, Yuval Noah",Author,,,"Puffin (2022), 183 pages",2022,,,,,"Unstoppable Us, Volume 1: How Humans Took Over the World, from the author of the multi-million bestselling Sapiens by Yuval Noah Harari (2022)",Ebook,,,,,,,,,,,,,,"history, evolution, anthropology, science, prehistory, human history, children's books, middle grade, biology",,,,GN281 .H3628,,,,599.93,"Animals (Zoology) > Genetics, sex and age characteristics, evolution > Homo sapiens > Mammals > Natural sciences & mathematics",,1,amazon uk all media,2026-04-26,,,28809313,,,,,,,,,
312445192,Animalium: Welcome to the Museum,1,"Broom, Jenny",Author,"Scott, Katie",Illustrator,"Big Picture Press (2014), 112 pages",2014,,,,,Animalium: Welcome to the Museum by Jenny Broom (2014),Hardcover,,,,,,,,,,,,,,"animals, science, nature, picture book, reference, biology, art, zoology, children's, nature study, museums, children's books, classification, natural history, birds, reptiles",,English,English,QL49 .B7464,[0763675083],"[0763675083, 9780763675080]",,590,Animals > Animals (Zoology) > Natural sciences & mathematics,,1,amazon.com,2026-04-26,,,15249829,,,,,$35 (USD),,,,
312445194,Walt Disney's Classic Storybook (Storybook Collection),1,"Group, Disney Book",Author,"Team, Disney Storybook Art",Illustrator,"Disney Press (2009), Edition: 1, 304 pages",2009,,,,,Walt Disney's Classic Storybook (Storybook Collection) by Disney Book Group (2009),Hardcover,304 p.; 9.44 inches,2.41 pounds,9.44 inches,0.83 inches,9.06 inches,9.44 x 9.06 x 0.83  inches,304 ,,,,,,,"Disney, fiction, picture book, fairy tales, kids, storybook, story collection, Pinocchio, Mary Poppins, Sleeping Beauty, children's books, Peter Pan, Snow White and the Seven Dwarfs, The Tortoise and the Hare",,English,English,PZ5 .W156,[1423110781],"[1423110781, 9781423110781]",,398.2,"Customs, etiquette & folklore > Folk literature > Folklore > Social sciences",,1,amazon.com,2026-04-26,,,290651,,,,,$15.99 (USD),,,,
312445196,"The History of India for Children - (Vol. 2): From The Mughals To The Present [Paperback] Archana Garodia Gupta,Shruti Garodia",5,"Gupta, Archana Garodia",Author,,,"Hachette India (2008), Edition: 1st, 400 pages",2018,,,,,"The History of India for Children - (Vol. 2): From The Mughals To The Present [Paperback] Archana Garodia Gupta,Shruti Garodia by Archana Garodia Gupta (2018)",Paperback,,,,,,,,,,,,,,history,,English,English,,[9351952533],"[9351952533, 9789351952534]",,954,History & geography > History of Asia > India and neighboring south Asian countries,,1,amazon.com books,2026-04-26,,,23580980,,,,,$14.99 (USD),,,,
312445201,The Human Body,5,"Abrahams, Dr Peter",Author,,,Wishing Well Books (1993),1993,,,,,The Human Body by Dr Peter Abrahams (1993),Hardcover,,,,,,,,,,,,,,"anatomy, science, biology",,,English,QM25 .H848,[0887057241],"[0887057241, 9780887057243]",,612,Human physiology > Medicine & health > Technology,,1,amazon.com,2026-04-26,,,10141014,,,,,,,,,
312445202,The Last Bear: Winner of the Blue Peter Award – ‘A dazzling debut’ THE TIMES,5,"Gold, Hannah",Author,,,"HarperCollinsChildren’sBooks (2022), 320 pages",2022,,,,,The Last Bear: Winner of the Blue Peter Award – ‘A dazzling debut’ THE TIMES by Hannah Gold (2022),Paperback,,,,,,,,,,,,,,"fiction, environment, climate change, bears, friendship, Arctic Circle, Arctic, animal stories, conservation",,English,English,PZ7.1 .G653,[000841131X],"[000841131X, 9780008411312]",,823.92,1900- > 2000- > English & Old English literatures > English fiction > Literature & rhetoric,,1,amazon.com books,2026-04-26,,,25596079,,,,,,,,,
312445219,The Return of the King: Discover Middle-earth in the Bestselling Classic Fantasy Novels before you watch 2022's Epic New Rings of Power Series: Book 3,5,"Tolkien, J. R. R.",Author,,,"HarperCollins (2022), Edition: TV tie-in edition, 464 pages",2022,,,,,The Return of the King: Discover Middle-earth in the Bestselling Classic Fantasy Novels before you watch 2022's Epic New Rings of Power Series: Book 3 by J. R. R. Tolkien (2022),Paperback,,,,,,,,,,,,,,"fantasy, fiction, Lord of the Rings, Tolkien, Middle Earth, J.R.R. Tolkien, high fantasy, magic, epic fantasy, elves, epic, hobbits, literature, adventure, classics",,English,English,PR6039 .O32,[0008537747],"[0008537747, 9780008537746]","Adventure|Adventure fiction|Baggins, Frodo (Ficticious character) > Drama|Baggins, Frodo (Fictitious character) > Fiction|Fantastic fiction|Fantasy|Fantasy Fiction, English|Fantasy fiction|Fantasy fiction, English|Fantasy films|Feature films|Fiction in English|Middle Earth (Imaginaery place) > Drama|Middle Earth (Imaginary place) > Fiction|Middle-earth (Imaginary place) > Fiction|Young adult fiction|fantasy|fantasy fiction|fiction in English",823.087661,Adventure fiction > By type > English & Old English literatures > English fiction > Fantasy fiction > Genre fiction > High fantasy > Literature & rhetoric > Speculative fiction,,1,amazon.com books,2026-04-26,,,3203356,,,,,,,,,
312445227,James and the Giant Peach,1,"Dahl, Roald",Author,,,Penguin (2016),2016,,,,,James and the Giant Peach by Roald Dahl (2016),Paperback,,,,,,,,,,,,,,"Roald Dahl, children's books, children's fiction, fantasy, fiction, classic, children's literature",,English,English,PZ8 .D137 .J,[0141371420],"[0141371420, 9780141371429]",Animation|Children's films and programs|Children's stories|English fiction > Translations into Spanish|Fairy tales|Features|animation|fairy tales,823.914,1900- > 1901-1999 > 1945-1999 > English & Old English literatures > English fiction > Literature & rhetoric,,1,amazon.com,2026-04-26,,,5138,,,,,,,,,
312445229,What Not to Do If You Turn Invisible,1,"Welford, Ross",Author,,,HarperCollins Children's Books (2016),2016,,,,,What Not to Do If You Turn Invisible by Ross Welford (2016),Paperback,,,,,,,,,,,,,,"middle grade, fantasy, friendship, adventure, family, magical realism, science fiction, humor, mystery, fiction, invisibility, coming of age",,English,English,PZ7.1 .W4355,[0008156352],"[0008156352, 9780008156350]",,823.92,1900- > 2000- > English & Old English literatures > English fiction > Literature & rhetoric,,1,amazon.com,2026-04-26,,,19031557,,,,,,,,,
312445230,Neverseen (Keeper of the Lost Cities),1,"Messenger, Shannon",Author,,,"Aladdin (2016), Edition: Reprint, 688 pages",2016,,,,,Neverseen (Keeper of the Lost Cities) by Shannon Messenger (2016),Paperback,,,,,,,,,,,,,,"fantasy, fiction, adventure, magic, elves, friendship, juvenile fiction, Social Themes, telepathy, Fantasy & Magic, science fiction, Action & Adventure",,English,English,PZ7 .M5494 .N,[1481432303],"[1481432303, 9781481432306]",,813.6,2000- > American fiction in English > American literature in English > Literature & rhetoric,,1,amazon.com,2026-04-26,,,16596138,,,,,$9.99 (USD),,,,
312445231,100 Great Scientists who Changed the World,1,"Balchin, Jon",Author,,,"Arcturus (2019), 208 pages",2019,,,,,100 Great Scientists who Changed the World by Jon Balchin (2019),Hardcover,,,,,,,,,,,,,,"science, biography, history, education, educational, STEM, inspirational",,English,English,Q125 .B2927,[1789503426],"[1789503426, 9781789503425]",,509.2,"Biography > History, geographic treatment, biography > Natural sciences & mathematics > Science",,1,amazon.com books,2026-04-26,,,25212722,,,,,,,,,
312445234,Long Distance,1,"Gardner, Whitney",Author,"Gardner, Whitney",Illustrator,"Simon & Schuster Books for Young Readers (2021), 320 pages",2021,,,,,Long Distance by Whitney Gardner (2021),Paperback,,,,,,,,,,,,,,"graphic novel, science fiction, aliens, astronomy, summer camp, fiction, comics, space, summer",,English,English,PZ7.1 .G373 .L,[1534455655],"[1534455655, 9781534455658]",,741.5,"Arts & recreation > Comic books, graphic novels, fotonovelas, cartoons, caricatures, comic strips > Drawing & decorative arts > Drawing and drawings",,1,amazon.com books,2026-04-26,,,26184408,,,,,$14.99 (USD),,,,
312445235,Wings of Fire: An Autobiography of APJ Abdul Kalam,1,"Abdul Kalam, A. P. J.",Author,,,"Sangam Books Ltd (1999), Edition: 1, 180 pages",1999,,,,,Wings of Fire: An Autobiography of APJ Abdul Kalam by A. P. J. Abdul Kalam (1999),Paperback,180 p.; 9.29 inches,0.66 pounds,9.29 inches,0.55 inches,6.22 inches,9.29 x 6.22 x 0.55  inches,180 ,,,,,,,"autobiography, India, biography, English, memoir, space, science, biography-memoir, 20th century, research, history",,English,English,Q143 .A197 .A3,[8173711461],"[8173711461, 9788173711466]",,623.092,Engineering > Military and nautical engineering > Technology,,1,Amazon.com,2026-04-26,,,1375619,,,,,,,,,
312445236,Becoming: Adapted for Younger Readers: Michelle Obama,1,"Obama, Michelle",Author,,,"Puffin (2021), Edition: International Edition, 432 pages",2021,,,,,Becoming: Adapted for Younger Readers: Michelle Obama by Michelle Obama (2021),Hardcover,,,,,,,,,,,,,,"politics, memoir, autobiography, women, Michelle Obama, English, adventure, biography, feminism, young adult, African American, history, middle grade",,English,English,E909 .O24 .A3,[0241531810],"[0241531810, 9780241531815]",,973.932092,1901- > 2001- > Barack Obama > Biographies > History & geography > History of North America > United States,,1,amazon.com all media,2026-04-26,,,29335674,,,,,,,,,
312445238,Artemis Fowl: The Arctic Incident (Book 2),1,"Colfer, Eoin",Author,,,(2015),2015,,,,,Artemis Fowl: The Arctic Incident (Book 2) by Eoin Colfer (2015),Paperback,,,,,,,,,,,,,,"fantasy, fiction, young adult, Artemis Fowl, fairies, science fiction, adventure, magic, children's, children, children's literature, crime, humor, Ireland, faeries, juvenile",,,English,PZ7 .C677475 .A,[0141339101],"[0141339101, 9780141339108]",Children's stories|England > Fiction|England > fiction|Fairies > Fiction|Fathers and sons > Fiction|Kidnapping > Fiction|Large Type Books|Large type books|Magic > Fiction|Mothers and sons > Fiction|fairies > Fiction,823.92,1900- > 2000- > English & Old English literatures > English fiction > Literature & rhetoric,,1,amazon.com,2026-04-26,,,59137,,,,,,,,,
312445241,A Language of Dragons: The #1 Sunday Times bestselling dark academia historical fantasy,3,"Williamson, S. F.",Author,,,"Harper Fire (2025), 480 pages",2025,,,,,A Language of Dragons: The #1 Sunday Times bestselling dark academia historical fantasy by S. F. Williamson (2025),Paperback,,,,,,,,,,,,,,"fantasy, dragons, fiction, young adult, alternate history, historical fiction, historical fantasy, 1920s, war",,English,English,PZ7.1 .W568,[0008767629],"[0008767629, 9780008767624]",,823.92,1900- > 2000- > English & Old English literatures > English fiction > Literature & rhetoric,,1,amazon uk all media,2026-04-26,,,32631931,,,,,,,,,
312445247,The People of the Indus,5,"Gulati, Nikhil",Author,,,"India Penguin (2023), 192 pages",2023,,,,,The People of the Indus by Nikhil Gulati (2023),Hardcover,,,,,,,,,,,,,,"ancient history, archaeology, Indus Valley Civilization, Indus Valley, historical non-fiction, ancient civilizations, cultural history, world history, civilization, history",,English,English,PN6790 .I43 .G85,[014345532X],"[014345532X, 9780143455325]",,741.5954,"Arts & recreation > Asian > Comic books, graphic novels, fotonovelas, cartoons, caricatures, comic strips > Drawing & decorative arts > Drawing and drawings > History, geographic treatment, biography > Indian",,1,amazon.com books,2026-04-26,,,29526260,"Chhaparwal, Ahaan",Checked out,2026-05-10,2026-06-12,$19.99 (USD),,,,
312445251,Wonder,1,"Palacio, R. J.",Author,,,"Corgi (2013), Edition: 2000",2013,,,,,Wonder by R. J. Palacio (2013),Paperback,,,,,,,,,,,,,,"middle school, friendship, bullying, fiction, realistic fiction, acceptance, family, disability, young adult, kindness, school, disabilities, deformity, children's, coming of age, middle grade",,English,English,PZ7 .P17526 .W,[0552565970],"[0552565970, 9780552565974]",,813.6,2000- > American fiction in English > American literature in English > Literature & rhetoric,,1,amazon.com,2026-04-26,,,11993910,,,,,,,,,
312445252,They Called Us Enemy,1,"Takei, George",Author,"Scott, Steven|Eisinger, Justin|Becker, Harmony",Author|Author|Illustrator,"Top Shelf Productions (2019), Edition: First Edition, 208 pages",2019,,,,,They Called Us Enemy by George Takei (2019),Paperback,,,,,,,,,,,,,,"graphic novel, WWII, memoir, history, graphic novels, racism, Japanese internment, autobiography, biography, Japanese Americans, comics, graphic memoir, Asian American, internment camps, young adult",,English,English,D769.8 .A6 .T347,[1603094504],"[1603094504, 9781603094504]",,940.53,"1918- > History & geography > History of Europe > History of Europe > World War II, 1939-1945",,1,amazon.com,2026-04-26,,,22109069,,,,,$19.99 (USD),,,,
312445253,The Christmasaurus,5,"Fletcher, Tom",Author,"Devries, Shane",Illustrator,"Random House Books for Young Readers (2018), Edition: Illustrated, 384 pages",2018,,,,,The Christmasaurus by Tom Fletcher (2018),Hardcover,,,,,,,,,,,,,,"Christmas, children's books, holiday, dinosaurs, winter, wheelchair, children, children's, dinosaur, fiction, humor, fantasy, Santa Claus, kids",,English,English,PZ7 .F6358,[0141373342],"[0141373342, 9780141373348]",,823.92,1900- > 2000- > English & Old English literatures > English fiction > Literature & rhetoric,,1,amazon.com books,2026-04-26,,,18286035,,,,,,,,,
312445254,Skandar and the Spirit War: Unmissable finale to the adventure series that everyone is talking about!: Volume 5,1,"Steadman, A.F.",Author,,,"Simon & Schuster Children's UK (2025), 432 pages",2025,,,,,Skandar and the Spirit War: Unmissable finale to the adventure series that everyone is talking about!: Volume 5 by A.F. Steadman (2025),Hardcover,,,,,,,,,,,,,,"fantasy, unicorns, adventure, friendship, magic, war, young adult, elemental magic, fiction, conflict",,English,English,PZ7.1 .S741135,[1398524743],"[1398524743, 9781398524743]",,823.92,1900- > 2000- > English & Old English literatures > English fiction > Literature & rhetoric,,1,amazon uk books,2026-04-26,,,33379973,,,,,,,,,
312445255,The Boy Who Lied,5,"Slater, Kim",Author,,,"Macmillan Children's Books (2020), 288 pages",2020,,,,,The Boy Who Lied by Kim Slater (2020),Paperback,,,,,,,,,,,,,,"mystery, family, secrets, friendship, missing persons, siblings, young adult fiction, deception, young adult, social issues, poverty, coming of age, loss",,English,English,,[1509842284],"[1509842284, 9781509842285]",,823.92,1900- > 2000- > English & Old English literatures > English fiction > Literature & rhetoric,,1,amazon.com books,2026-04-26,,,22003131,,,,,$10.99 (USD),,,,
312445256,Historic Battles from World War II for Kids: 15 Battles from Europe and the Pacific (Historic Battles for Kids),1,"Mooney, Carla",Author,,,"Callisto Kids (2021), 150 pages",2021,,,,,Historic Battles from World War II for Kids: 15 Battles from Europe and the Pacific (Historic Battles for Kids) by Carla Mooney (2021),Paperback,,,,,,,,,,,,,,"history, historical, historical non-fiction, historical events, world history, world, world leaders, world war 2, World War II",,English,English,,[1648763804],"[1648763804, 9781648763809]",,940.542,1918- > Campaigns and battles by theatre > History & geography > History of Europe > History of Europe > Military history of World War II,,1,amazon.com books,2026-04-26,,,30682385,,,,,$12.99 (USD),,,,
312445257,Turtle Moon: A thrilling new illustrated animal adventure for kids from the Sunday Times bestselling author of THE LAST BEAR,1,"Gold, Hannah",Author,"Pinfold, Levi",Illustrator,"HarperCollinsChildren’sBooks (2025), 352 pages",2025,,,,,Turtle Moon: A thrilling new illustrated animal adventure for kids from the Sunday Times bestselling author of THE LAST BEAR by Hannah Gold (2025),Paperback,,,,,,,,,,,,,,"middle grade, children's fiction, animal adventure, children's literature, fiction, adventure, animals, turtles, animal rescue, family dynamics, environment, Costa Rica, contemporary fiction",,English,English,,[0008582084],"[0008582084, 9780008582081]",,823.92,1900- > 2000- > English & Old English literatures > English fiction > Literature & rhetoric,,1,amazon uk books,2026-04-26,,,31964305,,,,,,,,,
312445259,The Gita For Children,5,"Pai, Roopa",Author,,,"Hachette India Children's Books (2019), 296 pages",2019,,,,,The Gita For Children by Roopa Pai (2019),Paperback,,,,,,,,,,,,,,"Hinduism, Bhagavad Gita, spirituality, religion, Hindu scriptures, India, philosophy, epic literature",,English,English,BL1216,[9789351950127],"[9789351950127, 9351950123]",,294.5924,Bhagavad Gita > Hindu scriptures > Hinduism > Other religions > Religion > Religions of Indic origin > Sacred Scriptures,,1,amazon.com books,2026-04-26,,,18032173,,,,,$12.99 (USD),,,,
312445260,Brand Checker THE GITA FOR CHILDREN (HB): Limited Celebratory Edition,1,Itbaz,Author,,,"Hachette India (1986), 13 pages",1986,,,,,Brand Checker THE GITA FOR CHILDREN (HB): Limited Celebratory Edition by Itbaz (1986),Hardcover,,,,,,,,,,,,,,"children's literature, children's, children's fiction, children, children's books, Mythology, Hindu mythology, Indian mythology",,English,,,[9393701415],"[9393701415, 9789393701411]",,,,,1,amazon.com books,2026-04-26,,,34255986,,,,,,,,,
314564659,The Hunger Games (Book 1),5,"Collins, Suzanne",Author,,,"Scholastic Press (2010), Edition: Reprint, 384 pages",2010,,,,,The Hunger Games (Book 1) by Suzanne Collins (2010),Paperback,384 p.; 8.5 inches,0.7495716908 pounds,8.5 inches,1 inch,5.5 inches,8.5 x 5.5 x 1 inches,384 ,,,,,,,"science fiction, young adult, fantasy, dystopia, Hunger Games, action, young adult fiction, adventure",Your library,English,English,PZ7 .C6837,[0439023521],"[0439023521, 9780439023528]",Contests > Fiction|Interpersonal relations > FIction|Interpersonal relations > Fiction|Science Fiction|Science fiction|Survival > Fiction|Television programs > Fiction|science fiction,813.6,2000- > American fiction in English > American literature in English > Literature & rhetoric,,1,amazon.com books,2026-05-24,,,4979986,,,,,$12.99 (USD),,,,
314568729,"Catching Fire (Hunger Games Trilogy, Book 2)",1,"Collins, Suzanne",Author,,,"Scholastic Inc. (2010), 115 pages",2010,,,,,"Catching Fire (Hunger Games Trilogy, Book 2) by Suzanne Collins (2010)",Ebook,,,,,,,,,,,,,,"fiction, fantasy, post-apocalyptic, teen, future, action, survival, science fiction, young adult, Hunger Games, romance, rebellion, adventure, dystopia, dystopian, young adult fiction",Your library,English,English,PZ7 .C6837,,,,813.6,2000- > American fiction in English > American literature in English > Literature & rhetoric,,1,amazon.com books,2026-05-24,,,8662515,,,,,,,,,
314568735,"Mockingjay (Hunger Games Trilogy, Book 3)",1,"Collins, Suzanne",Author,,,"Scholastic Inc. (2010), Edition: 1st, 404 pages",2010,,,,,"Mockingjay (Hunger Games Trilogy, Book 3) by Suzanne Collins (2010)",Ebook,,,,,,,,,,,,,,"fiction, science fiction, young adult, dystopia, fantasy, Hunger Games, survival, post-apocalyptic, romance, rebellion, young adult fiction, future, teen",Your library,English,English,PZ7 .C6837,,,,813.6,2000- > American fiction in English > American literature in English > Literature & rhetoric,,1,amazon.com books,2026-05-24,,,9279041,,,,,,,,,
314568809,Sunrise on the Reaping (the Hunger Games),1,"Collins, Suzanne",Author,,,"Scholastic Press (2025), 400 pages",2025,,,,,Sunrise on the Reaping (the Hunger Games) by Suzanne Collins (2025),Hardcover,400 p.; 8.3 inches,1.73944724718 pounds,8.3 inches,1.4 inches,5.6 inches,8.3 x 5.6 x 1.4 inches,400 ,,,,,,,"fiction, science fiction, dystopian, young adult, Hunger Games, survival, post-apocalyptic, young adult fiction, adventure, romance, teen, death, dystopian fiction, friendship",Your library,English,English,PS3603 .O4558 .S86,[1546171460],"[1546171460, 9781546171461]",,813.6,2000- > American fiction in English > American literature in English > Literature & rhetoric,,1,amazon.com books,2026-05-24,,,32361298,,,,,$27.99 (USD),,,,
314568821,Obsidio (The Illuminae Files),1,"Kaufman, Amie",Author,"Kristoff, Jay",Author,"Ember (2019), Edition: Reprint, 640 pages",2019,,,,,Obsidio (The Illuminae Files) by Amie Kaufman (2019),Paperback,640 p.; 8.31 inches,1.19931470528 pounds,8.31 inches,1.75 inches,5.5 inches,8.31 x 5.5 x 1.75 inches,640 ,,,,,,,"science fiction, young adult, fiction, romance, space, space opera, artificial intelligence, epistolary, dystopian, space travel, suspense, AI",Your library,English,English,PZ7,[055349922X],"[055349922X, 9780553499223]",,823.92,1900- > 2000- > English & Old English literatures > English fiction > Literature & rhetoric,,1,amazon.com books,2026-05-24,,,16953893,,,,,$12.99 (USD),,,,
314654665,The Richest Man in Babylon - The Original 1926 Classic (Reader's Library Classics),5,"Clason, George S.",Author,,,"Reader's Library Classics (2023), 124 pages",2023,,,,,The Richest Man in Babylon - The Original 1926 Classic (Reader's Library Classics) by George S. Clason (2023),Paperback,124 p.; 8 inches,0.330693393 pounds,8 inches,0.31 inches,5.25 inches,8 x 5.25 x 0.31 inches,124 ,,,,,,,"finance, self-help, money, business, personal finance, wealth, investing, economics, success, personal development, finances, fiction, financial, investment, philosophy, self-improvement",Your library,English,English,HF5391 .C65,[1954839499],"[1954839499, 9781954839496]","Business ethics|Saving and investment|Wealth > Moral and ethical aspects|Wealth, Ethics of",332,Economics > Financial economics > Social sciences,,1,amazon.com books,2026-05-25,,,84157,,,,,$7.99 (USD),,,,
314654708,How to Win Friends and Influence People,1,"Carnegie, Dale",Author,,,"Gallery Books (1998), 320 pages",1998,,,,,How to Win Friends and Influence People by Dale Carnegie (1998),Paperback,320 p.; 8.25 inches,0.50044933474 pounds,8.25 inches,1 inch,5.3125 inches,8.25 x 5.3125 x 1 inches,320 ,,,,,,,"self-help, psychology, business, Leadership, communication, self-improvement, personal development, influence, management, success, relationships, persuasion, Interpersonal relations, personal growth, reference, sociology",Your library,English,English,BF637 .S8 .C37,[0671027034],"[0671027034, 9780671027032]","Interpersonal Relations|Interpersonal relations|Leadership|Persuasion (Psychology)|Popularity|Psychology, Applied|Psychology, Applied. [from old catalog]|Psychology, applied|Self-actualization (Psychology)|Success|success",158.1,Applied psychology > Personal improvement and analysis > Philosophy and Psychology > Psychology,,1,amazon.com books,2026-05-25,,,68250,,,,,$16.99 (USD),,,,
314654733,Born a Crime: Stories from a South African Childhood (One World Essentials),1,"Noah, Trevor",Author,,,"One World (2019), Edition: Reprint, 336 pages",2019,,,,,Born a Crime: Stories from a South African Childhood (One World Essentials) by Trevor Noah (2019),Paperback,336 p.; 8.06 inches,2.314853751 pounds,8.06 inches,0.65 inches,5.38 inches,8.06 x 5.38 x 0.65 inches,336 ,,,,,,,"memoir, South Africa, biography, apartheid, Africa, race, racism, humor, autobiography, biography-memoir, coming of age, family, comedy, history, comedians, domestic violence",Your library,English,English,PN2287 .N557,[0399588191],"[0399588191, 9780399588198]",,791.4502,"Arts & recreation > Motion pictures, radio, television, podcasting > Public performances > Recreation, sports, and performing arts > Television",,1,amazon.com books,2026-05-25,,,18499935,,,,,$18 (USD),,,,
314654810,Myths of Geography: Eight Ways We Get the World Wrong – A Compelling Nonfiction Exploration of Geopolitical Borders,1,"Richardson, Paul",Author,,,"Hanover Square Press (2024), Edition: Original, 304 pages",2024,,,,,Myths of Geography: Eight Ways We Get the World Wrong – A Compelling Nonfiction Exploration of Geopolitical Borders by Paul Richardson (2024),Paperback,304 p.; 8.89 inches,0.6503636729 pounds,8.890157471247 inches,0.75984251891 inches,5.940157474256 inches,8.890157471247 x 5.940157474256 x 0.75984251891 inches,304 ,,,,,,,"geography, geopolitics, cultural studies, social science, social commentary, history, maps, political geography, cultural criticism, cartography, globalization, world history, critical thinking, travel writing, global issues",Your library,English,English,GF47 .R53,[1335146865],"[1335146865, 9781335146861]",,304.2,"Factors affecting social behavior > Human ecology > Social sciences > Social sciences, sociology & anthropology",,1,amazon.com books,2026-05-25,,,32351056,,,,,$19.99 (USD),,,,
314654860,Moby Dick (Wordsworth Classics),1,"Melville, Herman",Author,,,"Wordsworth Editions Ltd (1999), Edition: Classic Edition, 544 pages",1999,,,,,Moby Dick (Wordsworth Classics) by Herman Melville (1999),Paperback,544 p.; 7.68 inches,0.70106999316 pounds,7.67715 inches,1.1811 inches,4.92125 inches,7.67715 x 4.92125 x 1.1811 inches,544 ,,,,,,,"fiction, classics, classic, literature, American literature, 19th century, whaling, whales, adventure, American, obsession, classic literature, USA, sea, Melville, nautical",Your library,English,English,PS2384 .M6,[1853260088],"[1853260088, 9781853260087]","Adventure fiction|Adventure stories|Ahab, Captain (Fictitious character) > Fiction|Allegories|American literature > History and criticism|Cartoons and comics|Epic literature|Melville, Herman, 1819-1891 Moby Dick|Melville, Herman, 1819-1891. Moby Dick|Mentally ill > Fiction|Psychological fiction|Sailors > Fiction|Sea Stories|Sea stories|Sea stories, American > History and criticism|Ship captains > Fiction|Shipwrecks > Fiction|Whales > Fiction|Whales in literature|Whaling|Whaling > Fiction|Whaling in literature|Whaling ships > Fiction|adventure stories",813.3,American fiction in English > American literature in English > Literature & rhetoric > Middle 19th Century 1830-1861,,1,amazon.com books,2026-05-25,,,15540,,,,,,,,,
314654905,Future of Geography,1,"Marshall, Tim",Author,,,"Elliott & Thompson (2023), 356 pages",2023,,,,,Future of Geography by Tim Marshall (2023),Paperback,356 p.; 7.8 inches,0.64815905028 pounds,7.79526 inches,0.9448818888 inches,5.07873 inches,7.79526 x 5.07873 x 0.9448818888 inches,356 ,,,,,,,"geopolitics, geography, politics, space, space exploration, science, global politics, future, social science, space travel, power struggles, political science, history, technology, space race, maps",Your library,English,English,JZ5695 .M37,[1783967242],"[1783967242, 9781783967247]",,919.904,"Extraterrestrial regions  > Geography & travel > Geography of and travel in Australasia, Pacific Ocean islands, Atlantic Ocean islands, Arctic islands, Antarctica and on extraterrestrial worlds > History & geography",,1,amazon.com books,2026-05-25,,,29982806,,,,,,,,,
314654995,"Supremacy: AI, ChatGPT, and the Race That Will Change the World",1,"Olson, Parmy",Author,,,"St. Martin's Press (2024), 336 pages",2024,,,,,"Supremacy: AI, ChatGPT, and the Race That Will Change the World by Parmy Olson (2024)",Hardcover,336 p.; 8.6 inches,2.314853751 pounds,8.6 inches,1.1 inches,5.6999886 inches,8.6 x 5.6999886 x 1.1 inches,336 ,,,,,,,"technology, AI, artificial intelligence, science, competition, business, ethics, tech, innovation",Your library,English,English,HD30.2 .O48,[1250337747],"[1250337747, 9781250337740]",,006.3,"Artificial Intelligence > Computer science, information & general works > Computer science, knowledge & systems > Special computer methods (AI, barcoding, VR, web design, social media)",,1,amazon.com books,2026-05-25,,,32279689,,,,,$30 (USD),,,,
314655037,The Optimized Human: A beginner's guide to biohacking,5,"Arina, Teemu",Author,"Halmetoja, Jaakko|Sovijärvi, Dr Olli",Author|Author,"Quercus (2026), 467 pages",2026,,,,,The Optimized Human: A beginner's guide to biohacking by Teemu Arina (2026),Ebook,,,,,,,,,,,,,,"self-help, self-improvement, longevity, mental health, health, mind, body, mind & body, mind and body, psychology",Your library,English,,,,,,,,,1,amazon.com books,2026-05-25,,,36439240,,,,,,,,,
314655091,A Series of Unfortunate Events #2: The Reptile Room,3,"Snicket, Lemony",Author,"Kupperman, Michael|Helquist, Brett",Illustrator|Illustrator,"HarperCollins (2007), Edition: Reprint, 171 pages",2009,,,,,A Series of Unfortunate Events #2: The Reptile Room by Lemony Snicket (2009),Ebook,,,,,,,,,,,,,,"fiction, children's, fantasy, mystery, humor, adventure, children, young adult, Lemony Snicket, orphans, children's literature, children's fiction, juvenile, siblings, dark humor, middle grade",Your library,English,English,PZ7 .S6795 .R,,,Brothers and sisters > Fiction|Brothers and sisters > Juvenile fiction|Brothers and sisters > Juvenile literature|Humorous Stories|Humorous stories|Orphans > Fiction|Orphans > Juvenile fiction|Orphans > Juvenile literature|Poisonous snakes > Juvenile literature|humorous stories,813.54,1900-1999 > 1945-1999 > American fiction in English > American literature in English > Literature & rhetoric,,1,amazon.com books,2026-05-25,,,6495,,,,,,,,,
314655138,"The wide window A Series of Unfortunate Events, Book 3",5,"Snicket, Lemony",,,,2009.,2009,,,,,"The wide window A Series of Unfortunate Events, Book 3 by Lemony Snicket (2009)",Ebook,,,,,,,,,,,,,,"fiction, children's, fantasy, mystery, humor, adventure, children, Lemony Snicket, young adult, orphans, children's literature, children's fiction, siblings, dark humor, juvenile, middle grade",Your library,English,English,PZ7 .S6795 .W,[9780061757150],"[9780061757150, 0061757152]","Aunts > Juvenile fiction|Baudelaire, Klaus (Fictitious character) > Juvenile fiction|Baudelaire, Sunny (Fictitious character) > Juvenile fiction|Baudelaire, Violet (Fictitious character) > Juvenile fiction|Brothers and sisters > Fiction|Brothers and sisters > Juvenile fiction|Children's stories|Criminals > Juvenile fiction|Humorous Stories|Humorous stories|Orphans > Fiction|Orphans > Juvenile fiction|humorous stories",813.54,1900-1999 > 1945-1999 > American fiction in English > American literature in English > Literature & rhetoric,,1,"London Public Library (London, ON)",2026-05-25,,ocm00000244,649293,,,,,,,,,
314655207,"A History of the First World War [Paperback] [Jul 17, 2014] B.H. LIDDELL HART",3,"Hart, B H Liddell",Author,,,"Pan Macmillan (2014), 608 pages",2014,,,,,"A History of the First World War [Paperback] [Jul 17, 2014] B.H. LIDDELL HART by B H Liddell Hart (2014)",Paperback,608 p.; 7.72 inches,0.93475999088 pounds,7.71652 inches,1.49606 inches,5.1181 inches,7.71652 x 5.1181 x 1.49606 inches,608 ,,,,,,,"WWI, history, military history, military, war, Europe, 20th century, European History, world, French History, 20th century history, American history, Russian History, German History",Your library,English,English,D521,[9780330511704],"[9780330511704, 033051170X]","World War, 1914-1918",940.3,"History & geography > History of Europe > History of Europe > World War I, 1914-1918",,1,amazon.com books,2026-05-25,,,193641,,,,,,,,,
314655210,Games Untold,1,"Barnes, Jennifer Lynn",,,,"Canada : Little, Brown & Company, 2024.",2024,,,,,Games Untold by Jennifer Lynn Barnes (2024),Paper Book,368 p.; 20 cm,,20 cm,,,20 cm,368 ,,,,,,,"mystery, young adult, romance, fiction, thriller, short stories, fantasy, family, suspense, contemporary, games, Fairyloot, inheritance, puzzles, adventure, luxury",Your library,English,,PZ7 .B26225,[9780316573719],"[9780316573719, 031657371X]",YOUNG ADULT FICTION / Action & Adventure / General|YOUNG ADULT FICTION / Family / Siblings|YOUNG ADULT FICTION / Mysteries & Detective Stories|YOUNG ADULT FICTION / Romance / Contemporary|YOUNG ADULT FICTION / Thrillers & Suspense / General|Young Adult Fiction / Action & Adventure / General|Young Adult Fiction / Romance / Contemporary,[Fic],,,1,"Ontario Library Consortium (Paris, ON)",2026-05-25,,,31845944,,,,,$18.99 (USD),,,,
314655215,The grandest game,5,"Barnes, Jennifer Lynn",,,,London Penguin Books 2024,2024,,,,,The grandest game by Jennifer Lynn Barnes (2024),Paper Book,24 cm,,24 cm,,,24 cm,,,,,,,,"mystery, young adult, fiction, thriller, romance, puzzles, fantasy, Fairyloot, mystery-thriller, suspense, family, adventure",Your library,English,,PZ7 .B26225 .G,[9780241672044],"[9780241672044, 024167204X]",,813.6,2000- > American fiction in English > American literature in English > Literature & rhetoric,,1,"GBV - Gemeinsamer Bibliotheksverbund / GBV Common Library Network (GÃ¶ttingen, NI)",2026-05-25,,,31159841,,,,,,,,,
314655222,Crooked kingdom,1,"Bardugo, Leigh",,,,"London : Indigo, 2016.",2016,,,,,Crooked kingdom by Leigh Bardugo (2016),Paper Book,546 p.; 22 cm,,22 cm,,,22 cm,546 ,,,,,,,"fantasy, young adult, fiction, magic, adventure, Grishaverse, heist, romance, crime, high fantasy, LGBT, thieves, young adult fantasy, LGBTQ, friendship, young adult fiction",Your library,English,English,PZ7.B25024Cr 2016,[9781780622309],"[9781780622309, 1780622309]",Brigands and robbers Juvenile fiction|Friendship Juvenile Fiction|Friendship Juvenile fiction|Friendship juvenile fiction|Magic Fiction|Magic fiction|Revenge Juvenile fiction|magic Fiction|magic fiction,[Fic],,,1,"State Library of Western Australia (Perth, WA)",2026-05-25,,,16994515,,,,,,,,,
314655236,Six of crows,1,"Bardugo, Leigh",,,,"London : Indigo, 2015.",2015,,,,,Six of crows by Leigh Bardugo (2015),Paper Book,"vii, 495 p.; 22 cm",,22 cm,,,22 cm,vii; 495 ,,,,,,,"fantasy, young adult, fiction, magic, heist, Grishaverse, adventure, romance, thieves, crime, high fantasy, LGBTQ, gangs, friendship, young adult fantasy, young adult fiction",Your library,English,English,PZ7 .B25024,[9781780622279],"[9781780622279, 1780622279]",Magic Juvenile Fiction|Magic Juvenile fiction|Magic juvenile fiction|Outlaws Juvenile fiction|Theft Juvenile fiction,813.6,2000- > American fiction in English > American literature in English > Literature & rhetoric,,1,Randwick (NSW) City Library,2026-05-25,,,15511134,,,,,,,,,
314655254,The Adventurers Guild,5,"Clark, Zack Loran",Author,"Eliopulos, Nick",Author,"Little, Brown Books for Young Readers (2018), Edition: Reprint, 352 pages",2018,,,,,The Adventurers Guild by Zack Loran Clark (2018),Paperback,352 p.; 7.6 inches,2.314853751 pounds,7.6 inches,1.35 inches,5.15 inches,7.6 x 5.15 x 1.35 inches,352 ,,,,,,,"fantasy, adventure, fiction, magic, monsters, youth, suspense, action, young adult, friendship, children's",Your library,English,English,PZ7.1 .C584 .A,[1368000355],"[1368000355, 9781368000352]",,813.6,2000- > American fiction in English > American literature in English > Literature & rhetoric,,1,amazon.com books,2026-05-25,,,19514306,,,,,$7.99 (USD),,,,
314655266,"Unstoppable Us, Volume 3: How Enemies Become Friends",1,"Harari, Yuval Noah",Author,"Zaplana Ruiz, Ricard",Illustrator,"Bright Matter Books (2026), 208 pages",2026,,,,,"Unstoppable Us, Volume 3: How Enemies Become Friends by Yuval Noah Harari (2026)",Hardcover,208 p.; 9.31 inches,1.3007273458 pounds,9.31 inches,0.86 inches,6.44 inches,9.31 x 6.44 x 0.86 inches,208 ,,,,,,,"history, philosophy, human evolution, sociology, anthropology, social science, cultural studies, educational, world history",Your library,English,English,H254,,,,599.938,"Animals (Zoology) > Evolution > Genetics, sex and age characteristics, evolution > Homo sapiens > Mammals > Natural sciences & mathematics",,1,amazon.com books,2026-05-25,,,34064987,,,,,,,,,
314655282,How to Read a Book: The Classic Guide to Intelligent Reading,1,"Adler, Mortimer J.",Author,"Van Doren, Charles",Author,"Touchstone (1972), Edition: Revised, 426 pages",1972,,,,,How to Read a Book: The Classic Guide to Intelligent Reading by Mortimer J. Adler (1972),Paperback,426 p.; 8.25 inches,0.80027801106 pounds,8.25 inches,1.12 inches,5.31 inches,8.25 x 5.31 x 1.12 inches,426 ,,,,,,,"reference, literary criticism, learning, Hermeneutics, books and reading, self-improvement, philosophy, education, literature, books about books, writing, language, logic, how-to, English",Your library,English,English,PN83 .A43,[0671212095],"[0671212095, 9780671212094]",,028,"Computer science, information & general works > Library & information sciences > Reading and use of other information media",,1,amazon.com books,2026-05-25,,,28288222,,,,,$18 (USD),,,,
314655299,Seven Brief Lessons on Physics,1,"Rovelli, Carlo",Author,,,"Riverhead Books (2016), Edition: First Edition, 96 pages",2016,,,,,Seven Brief Lessons on Physics by Carlo Rovelli (2016),Hardcover,96 p.; 7.65 inches,2.314853751 pounds,7.65 inches,0.48 inches,5.2 inches,7.65 x 5.2 x 0.48 inches,96 ,,,,,,,"science, physics, cosmology, quantum mechanics, relativity, philosophy, essays, popular science, black holes, quantum physics, time, space, universe, quantum theory, astrophysics, thermodynamics",Your library,English,English,QC24.5,[0399184414],"[0399184414, 9780399184413]",,530,Natural sciences & mathematics > Physics > Physics,,1,amazon.com books,2026-05-25,,,15459068,,,,,$18 (USD),,,,
314655322,"Spirits, Spells, and Snark (Magic, Madness, and Mischief)",1,"McCullough, Kelly",Author,,,"Feiwel & Friends (2019), 320 pages",2019,,,,,"Spirits, Spells, and Snark (Magic, Madness, and Mischief) by Kelly McCullough (2019)",Hardcover,320 p.; 8.59 inches,0.80027801106 pounds,8.59 inches,1.1700764 inches,5.9700668 inches,8.59 x 5.9700668 x 1.1700764 inches,320 ,,,,,,,"magic, middle grade, humor, fantasy, family, young adult, supernatural, adventure, urban fantasy, coming of age, friendship",Your library,English,English,PZ7 .M4784149573,[1250107857],"[1250107857, 9781250107855]",,813.6,2000- > American fiction in English > American literature in English > Literature & rhetoric,,1,amazon.com books,2026-05-25,,,22347713,,,,,$17.99 (USD),,,,
314655330,"Magic, Madness, and Mischief",1,"McCullough, Kelly",Author,,,"Square Fish (2019), Edition: Reprint, 304 pages",2019,,,,,"Magic, Madness, and Mischief by Kelly McCullough (2019)",Paperback,304 p.; 7.83 inches,0.50044933474 pounds,7.8299056 inches,0.7999984 inches,5.8200671 inches,7.8299056 x 5.8200671 x 0.7999984 inches,304 ,,,,,,,"fantasy, magic, middle grade, adventure, young adult, action, family, supernatural, coming of age, friendship, urban fantasy, good vs. evil",Your library,English,English,PZ7 .M4784149573,[1250294207],"[1250294207, 9781250294203]",,813.6,2000- > American fiction in English > American literature in English > Literature & rhetoric,,1,amazon.com books,2026-05-25,,,20950327,,,,,$8.99 (USD),,,,
314655541,The Curious and the Classified: Unearthing Military Myths and Mysteries,5,General Manoj Naravane,Author,,,"Rupa Publications India (2026), 240 pages",2026,,,,,The Curious and the Classified: Unearthing Military Myths and Mysteries by General Manoj Naravane (2026),Hardcover,240 p.; 8.5 x 0.79 inches,0.86641668966 pounds,0.7874 inches,5.5118 inches,8.50392 inches,0.7874 x 8.50392 x 5.5118 inches,240 ,,,,,,,"military history, military, India, Indian History, legends",Your library,English,,,[937646477X],"[937646477X, 9789376464777]",,,,,1,amazon.com books,2026-05-25,,,36408736,,,,,,,,,
314655579,The Ultimate Hitchhiker's Guide to the Galaxy: The Complete Trilogy in Five Parts,5,"Adams, Douglas",Author,,,"Pan (1992), Edition: Reprints, 592 pages",2017,,,,,The Ultimate Hitchhiker's Guide to the Galaxy: The Complete Trilogy in Five Parts by Douglas Adams (2017),Ebook,,,,,,,,,,,,,,"science fiction, British, space travel, fiction, space, adventure, humor, Douglas Adams, English, fantasy, aliens, comedy, satire, classic, classics",Your library,English,English,PR6051 .D3352,,,,823.914,1900- > 1901-1999 > 1945-1999 > English & Old English literatures > English fiction > Literature & rhetoric,,1,amazon.com books,2026-05-25,,,9440376,,,,,,,,,
314831549,"Moon Rising (Wings of Fire, Book 6)",1,"Sutherland, Tui T.",Author,,,"Scholastic Inc. (2016), Edition: Reprint, 336 pages",2016,,,,,"Moon Rising (Wings of Fire, Book 6) by Tui T. Sutherland (2016)",Paperback,336 p.; 7.6 inches,2.314853751 pounds,7.6 inches,0.9 inches,5.3 inches,7.6 x 5.3 x 0.9 inches,336 ,,,,,,,"fantasy, fiction, dragons, adventure, children's, middle grade, kids, young adult, dragon, children, juvenile fiction, fantasy fiction, telepathy, prophecy, teen, youth",Your library,English,English,PZ7 .S96694 .M,[0545685362],"[0545685362, 9780545685368]",,813.6,2000- > American fiction in English > American literature in English > Literature & rhetoric,,1,amazon.com books,2026-05-27,,,15256567,,,,,$7.99 (USD),,,,
314831557,Winter Turning (Wings of Fire #7),1,"Sutherland, Tui T.",Author,,,"Scholastic Inc. (2016), Edition: Reissue, 336 pages",2016,,,,,Winter Turning (Wings of Fire #7) by Tui T. Sutherland (2016),Paperback,336 p.; 7.5 inches,2.314853751 pounds,7.5 inches,0.75 inches,5.25 inches,7.5 x 5.25 x 0.75 inches,336 ,,,,,,,"fantasy, dragons, fiction, adventure, children's, magic, middle grade, children, dragon, young adult, children's literature, prophecy, juvenile fiction, friendship, fantasy fiction, English",Your library,English,English,PZ7 .S96694 .W,[0545685397],"[0545685397, 9780545685399]",,813.6,2000- > American fiction in English > American literature in English > Literature & rhetoric,,1,amazon.com books,2026-05-27,,,15663618,,,,,$7.99 (USD),,,,
314831566,Escaping Peril (Wings of Fire #8),1,"Sutherland, Tui T.",Author,,,"Scholastic Press (2017), Edition: Reprint, 336 pages",2017,,,,,Escaping Peril (Wings of Fire #8) by Tui T. Sutherland (2017),Paperback,336 p.; 7.5 inches,2.314853751 pounds,7.5 inches,0.75 inches,5.25 inches,7.5 x 5.25 x 0.75 inches,336 ,,,,,,,"fantasy, dragons, fiction, adventure, children's, dragon, young adult, children, friendship, middle grade, English, teen, female protagonist, prophecy, Junior Fiction, fire",Your library,English,English,PZ7 .S96694 .E,[0545685451],"[0545685451, 9780545685450]",,813.6,2000- > American fiction in English > American literature in English > Literature & rhetoric,,1,amazon.com books,2026-05-27,,,16984464,,,,,$7.99 (USD),,,,
314831608,Talons of Power (Wings of Fire #9),1,"Sutherland, Tui T.",Author,,,"Scholastic Inc. (2018), Edition: Reissue, 336 pages",2018,,,,,Talons of Power (Wings of Fire #9) by Tui T. Sutherland (2018),Paperback,336 p.; 7.5 inches,0.48060773116 pounds,7.5 inches,0.75 inches,5.25 inches,7.5 x 5.25 x 0.75 inches,336 ,,,,,,,"fantasy, dragons, fiction, adventure, children's, magic, middle grade, children, dragon, young adult, teen fantasy, prophecy, teen, fantasy fiction, primary, Junior Fiction",Your library,English,English,PZ7 .S96694 .T,[0545685435],"[0545685435, 9780545685436]",,813.6,2000- > American fiction in English > American literature in English > Literature & rhetoric,,1,amazon.com books,2026-05-27,,,18125526,,,,,$7.99 (USD),,,,
314831642,Darkness of Dragons (Wings of Fire #10) (10),1,"Sutherland, Tui T.",Author,,,"Scholastic Press (2018), Edition: Reprint, 432 pages",2018,,,,,Darkness of Dragons (Wings of Fire #10) (10) by Tui T. Sutherland (2018),Paperback,432 p.; 7.75 inches,2.314853751 pounds,7.75 inches,1.25 inches,5.25 inches,7.75 x 5.25 x 1.25 inches,432 ,,,,,,,"fantasy, dragons, fiction, adventure, children's, middle grade, magic, children, dragon, young adult, prophecy, teen, Junior Fiction, primary, intermediate, male protagonist",Your library,English,English,PZ7 .S96694 .D,[0545685486],"[0545685486, 9780545685481]",,813.6,2000- > American fiction in English > American literature in English > Literature & rhetoric,,1,amazon.com books,2026-05-27,,,19240171,,,,,$7.99 (USD),,,,
315058707,"Lessons in Power (The Fixer, 2)",1,"Barnes, Jennifer Lynn",Author,,,"Bloomsbury YA (2025), 368 pages",2025,,,,,"Lessons in Power (The Fixer, 2) by Jennifer Lynn Barnes (2025)",Paperback,368 p.; 8.2 inches,1.00089866948 pounds,8.1999836 inches,0.9499981 inches,5.4499891 inches,8.1999836 x 5.4499891 x 0.9499981 inches,368 ,,,,,,,"young adult, contemporary fiction, political intrigue, romance, secrets, drama, School Life, coming of age, high school, friendship, mystery",Your library,English,English,PZ7 .B26225 .L,[1547618752],"[1547618752, 9781547618750]",,,,,1,amazon.com books,2026-05-30,,,34712933,,,,,,,,,
315058711,"The Ruling Class (The Fixer, 1)",5,"Barnes, Jennifer Lynn",Author,,,"Bloomsbury YA (2025), 384 pages",2025,,,,,"The Ruling Class (The Fixer, 1) by Jennifer Lynn Barnes (2025)",Paperback,384 p.; 8.2 inches,0.65918216338 pounds,8.1999836 inches,0.9 inches,5.4499891 inches,8.1999836 x 5.4499891 x 0.9 inches,384 ,,,,,,,"mystery, young adult, thriller, fiction, politics, Washington DC, contemporary, sisters, murder, high school, teen, realistic fiction, conspiracy, secrets, suspense, family",Your library,English,English,PZ7 .B26225 .F,[1547618744],"[1547618744, 9781547618743]",,813.6,2000- > American fiction in English > American literature in English > Literature & rhetoric,,1,amazon.com books,2026-05-30,,,15751309,,,,,,,,,
315058713,"Glorious Rivals (Volume 2) (The Grandest Game, 2)",1,"Barnes, Jennifer Lynn",Author,,,"Little, Brown Books for Young Readers (2025), 432 pages",2025,,,,,"Glorious Rivals (Volume 2) (The Grandest Game, 2) by Jennifer Lynn Barnes (2025)",Hardcover,432 p.; 8.6 inches,1.19931470528 pounds,8.6 inches,1.0938 inches,5.95 inches,8.6 x 5.95 x 1.0938 inches,432 ,,,,,,,"young adult, mystery, thriller, fiction, suspense, fantasy, mystery-thriller, adventure, romance, contemporary fiction",Your library,English,English,PZ7 .B26225 .G,[0316481319],"[0316481319, 9780316481311]",,813.6,2000- > American fiction in English > American literature in English > Literature & rhetoric,,1,amazon.com books,2026-05-30,,,32717611,,,,,$20.99 (USD),,,,
315058723,The Kamogawa Food Detectives (A Kamogawa Food Detectives Novel),5,"Kashiwai, Hisashi",Author,"Kirkwood, Jesse",Translator,"G.P. Putnam's Sons (2024), 208 pages",2024,,,,,The Kamogawa Food Detectives (A Kamogawa Food Detectives Novel) by Hisashi Kashiwai (2024),Hardcover,208 p.; 7.9 inches,2.314853751 pounds,7.9 inches,0.92 inches,5.38 inches,7.9 x 5.38 x 0.92 inches,208 ,,,,,,,"Japan, food, fiction, mystery, Japanese literature, memory, short stories, cooking, Japanese, cozy, 21st century, memories, cozy mystery, Kyoto, family, Japanese fiction",Your library,English,Japanese,PL872.5 .A74 .K3613,[0593717716],"[0593717716, 9780593717714]",,895.636,2000– > Japanese > Japanese fiction > Literature & rhetoric > Literatures of East and Southeast Asia > Literatures of other languages,,1,amazon.com books,2026-05-30,,,30429173,,,,,$25 (USD),,,,
315059248,The Circus of Adventure (The Adventure Series Book 7),5,"Blyton, Enid",Author,,,"Hodder Children's Books (2015), 188 pages",2015,,,,,The Circus of Adventure (The Adventure Series Book 7) by Enid Blyton (2015),Ebook,,,,,,,,,,,,,,"fiction, adventure, children's, children's books, Enid Blyton, children's literature, children, circus, Blyton, children's fiction, mystery, children's adventure, juvenile, England, kidnapping, suspense",Your library,English,English,PZ7 .B629 .C,,,,823.912,1900- > 1901-1945 > 1901-1999 > English & Old English literatures > English fiction > Literature & rhetoric,,1,amazon.com books,2026-05-30,,,139455,,,,,,,,,
315059255,The Valley of Adventure (Adventure Series),5,"Blyton, Enid",Author,"Cobb, Rebecca",Illustrator,"Macmillan Children's Books (2014), Edition: Revised ed., 288 pages",2014,,,,,The Valley of Adventure (Adventure Series) by Enid Blyton (2014),Paperback,288 p.; 8 inches,0.44974301448 pounds,8 inches,0.75 inches,5.5 inches,8 x 5.5 x 0.75 inches,288 ,,,,,,,"fiction, adventure, children's, children, children's books, Enid Blyton, mystery, children's literature, Blyton, children's fiction, juvenile, children's adventure, England, children's book, children's stories, kids",Your library,English,English,PZ7 .B629 .V,[9781447262763],"[9781447262763, 144726276X]",Adventure and adventurers > Fiction,823.912,1900- > 1901-1945 > 1901-1999 > English & Old English literatures > English fiction > Literature & rhetoric,,1,amazon.com books,2026-05-30,,,139631,,,,,$10.99 (USD),,,,
315059259,The Ship of Adventure (The Adventure series),5,"Blyton, Enid",Author,,,"Macmillan Children's Books (2023), 288 pages",2023,,,,,The Ship of Adventure (The Adventure series) by Enid Blyton (2023),Paperback,288 p.; 7.7 inches,2.314853751 pounds,7.6999846 inches,0.7 inches,5.1 inches,7.6999846 x 5.1 x 0.7 inches,288 ,,,,,,,"fiction, adventure, children's, children's literature, children's books, mystery, Enid Blyton, Blyton, children, children's fiction, juvenile fiction, children's adventure, Greece, British, crime and mystery, ships",Your library,English,English,PZ7 .B629 .S,[1529008875],"[1529008875, 9781529008876]",,823.912,1900- > 1901-1945 > 1901-1999 > English & Old English literatures > English fiction > Literature & rhetoric,,1,amazon.com books,2026-05-30,,,501247,,,,,$10.99 (USD),,,,
315059261,The Sea of Adventure (The Adventure series),5,"Blyton, Enid",Author,,,"Macmillan Children's Books (2023), Edition: Illustrated, 272 pages",2023,,,,,The Sea of Adventure (The Adventure series) by Enid Blyton (2023),Paperback,272 p.; 7.7 inches,2.314853751 pounds,7.6999846 inches,0.65 inches,5.1 inches,7.6999846 x 5.1 x 0.65 inches,272 ,,,,,,,"fiction, adventure, children's, children's books, children's literature, mystery, Blyton, children, Enid Blyton, juvenile, kids, England, children's adventure, children's fiction, British, children's book",Your library,English,English,PZ7 .B629 .S,[1529008859],"[1529008859, 9781529008852]",,823.912,1900- > 1901-1945 > 1901-1999 > English & Old English literatures > English fiction > Literature & rhetoric,,1,amazon.com books,2026-05-30,,,139596,,,,,$9.99 (USD),,,,
315059263,The Island of Adventure (The Adventure series),5,"Blyton, Enid",Author,,,"Macmillan Children's Books (2023), Edition: Illustrated, 288 pages",2023,,,,,The Island of Adventure (The Adventure series) by Enid Blyton (2023),Paperback,288 p.; 7.7 inches,2.314853751 pounds,7.6999846 inches,0.7 inches,5.1 inches,7.6999846 x 5.1 x 0.7 inches,288 ,,,,,,,"fiction, adventure, children's, children's literature, children, Enid Blyton, mystery, children's books, children's fiction, England, Blyton, juvenile, children's adventure, islands, children's stories, middle grade",Your library,English,English,PZ7 .B629,[1529008824],"[1529008824, 9781529008821]",Abandoned mines > England > Cornwall (County) > Juvenile fiction|Adventure stories|Children's stories|Islands > England > Cornwall (County) > Juvenile fiction|Tunnels > England > Cornwall (County) > Juvenile fiction|adventure stories,823.912,1900- > 1901-1945 > 1901-1999 > English & Old English literatures > English fiction > Literature & rhetoric,,1,amazon.com books,2026-05-30,,,139515,,,,,$9.99 (USD),,,,
315059267,The Castle of Adventure (The Adventure series),5,"Blyton, Enid",Author,,,"Macmillan Children's Books (2023), Edition: Illustrated, 272 pages",2023,,,,,The Castle of Adventure (The Adventure series) by Enid Blyton (2023),Paperback,272 p.; 7.7 inches,2.314853751 pounds,7.6999846 inches,0.65 inches,5.1 inches,7.6999846 x 5.1 x 0.65 inches,272 ,,,,,,,"fiction, adventure, children's, children's books, mystery, children, children's fiction, Enid Blyton, children's literature, Blyton, castles, England, children's adventure, kids, juvenile, British",Your library,English,English,PZ7 .B629 .C,[1529008832],"[1529008832, 9781529008838]",Adventure and adventurers > Fiction,823.912,1900- > 1901-1945 > 1901-1999 > English & Old English literatures > English fiction > Literature & rhetoric,,1,amazon.com books,2026-05-30,,,139452,,,,,$9.99 (USD),,,,
315059271,The Mountain of Adventure (Adventure Series),5,"Blyton, Enid",Author,"Cobb, Rebecca",Illustrator,"Pan Macmillan (2014), Edition: Unabridged edition, 304 pages",2014,,,,,The Mountain of Adventure (Adventure Series) by Enid Blyton (2014),Paperback,304 p.; 8 inches,0.46076612758 pounds,8 inches,0.75 inches,5.25 inches,8 x 5.25 x 0.75 inches,304 ,,,,,,,"fiction, adventure, children's, children, children's books, children's literature, mystery, Blyton, children's fiction, Enid Blyton, children's adventure, Wales, kids, children's book, crime and mystery, 1940s",Your library,English,English,PZ7 .B629 .M,[9781447262794],"[9781447262794, 1447262794]",,823.912,1900- > 1901-1945 > 1901-1999 > English & Old English literatures > English fiction > Literature & rhetoric,,1,amazon.com books,2026-05-30,,,139545,,,,,$9.99 (USD),,,,
315059275,The River of Adventure (The Adventure series),5,"Blyton, Enid",Author,,,"Macmillan Children's Books (2023), 240 pages",2023,,,,,The River of Adventure (The Adventure series) by Enid Blyton (2023),Paperback,240 p.; 7.7 inches,2.314853751 pounds,7.6999846 inches,0.5999988 inches,5.1 inches,7.6999846 x 5.1 x 0.5999988 inches,240 ,,,,,,,"fiction, adventure, children's, mystery, Enid Blyton, children's books, children's fiction, children's literature, Blyton, children, children's adventure, kids, juvenile, England, brothers and sisters, middle grade",Your library,English,English,PZ7 .B629 .R,[1529008891],"[1529008891, 9781529008890]",Adventure and adventurers > Fiction,823.912,1900- > 1901-1945 > 1901-1999 > English & Old English literatures > English fiction > Literature & rhetoric,,1,amazon.com books,2026-05-30,,,564558,,,,,$10.99 (USD),,,,
315059476,The Girl Who Drank the Moon (Winner of the 2017 Newbery Medal),5,"Barnhill, Kelly",Author,,,"Little, Brown Books for Young Readers (2019), Edition: Reprint, 400 pages",2019,,,,,The Girl Who Drank the Moon (Winner of the 2017 Newbery Medal) by Kelly Barnhill (2019),Paperback,400 p.; 8.75 inches,2.314853751 pounds,8.75 inches,0.88 inches,5.45 inches,8.75 x 5.45 x 0.88 inches,400 ,,,,,,,"fantasy, fiction, magic, witches, friendship, dragons, middle grade, children's, young adult, family, adventure, fairy tale, children's literature, moon, children, award winner",Your library,English,English,PZ7 .B26663 .G,[1616207469],"[1616207469, 9781616207465]",,813.6,2000- > American fiction in English > American literature in English > Literature & rhetoric,,1,amazon.com books,2026-05-30,,,17509480,,,,,$9.95 (USD),,,,
315059607,"The Brothers Hawthorne (The Inheritance Games, 4)",5,"Barnes, Jennifer Lynn",Author,,,"Little, Brown Books for Young Readers (2024), 496 pages",2024,,,,,"The Brothers Hawthorne (The Inheritance Games, 4) by Jennifer Lynn Barnes (2024)",Paperback,496 p.; 8.3 inches,0.95019234922 pounds,8.3 inches,1.25 inches,5.5 inches,8.3 x 5.5 x 1.25 inches,496 ,,,,,,,"mystery, young adult, fiction, romance, family, thriller, games, siblings, suspense, adventure, contemporary, Fairyloot, fantasy, coming of age, puzzles, secrets",Your library,English,English,PZ7 .B26225,[0316480800],"[0316480800, 9780316480802]",,813.6,2000- > American fiction in English > American literature in English > Literature & rhetoric,,1,amazon.com books,2026-05-30,,,29436895,,,,,$12.99 (USD),,,,
315059619,Prisoners of Geography: Ten Maps That Explain Everything About the World (Politics of Place),1,"Marshall, Tim",Author,,,"Scribner (2016), Edition: Reprint, 464 pages",2016,,,,,Prisoners of Geography: Ten Maps That Explain Everything About the World (Politics of Place) by Tim Marshall (2016),Paperback,464 p.; 9 inches,0.7605948039 pounds,9 inches,1.2 inches,6 inches,9 x 6 x 1.2 inches,464 ,,,,,,,"geography, history, politics, geopolitics, maps, political science, world history, international relations, economics, cartography, science, Russia, social science, China, Africa, world",Your library,English,English,JC319 .M2744,[1501121472],"[1501121472, 9781501121470]",,320.12,Nation and territory > Political science > Political science (Politics and government) > Social sciences > The State,,1,amazon.com books,2026-05-30,,,16283761,,,,,$18 (USD),,,,
315059643,Algorithms to Live By: The Computer Science of Human Decisions,1,"Christian, Brian",Author,"Griffiths, Tom",Author,"Holt Paperbacks (2017), Edition: Reprint, 368 pages",2017,,,,,Algorithms to Live By: The Computer Science of Human Decisions by Brian Christian (2017),Paperback,368 p.; 9.15 inches,2.314853751 pounds,9.15 inches,1 inch,6.0999878 inches,9.15 x 6.0999878 x 1 inches,368 ,,,,,,,"computer science, science, psychology, algorithms, decision making, technology, math, self-help, computers, problem solving, business, philosophy, computing, programming, cognitive science, self-improvement",Your library,English,English,BF39 .C4885,[1250118360],"[1250118360, 9781250118363]",,153.4,"Conscious mental processes and intelligence > Philosophy and Psychology > Psychology > Thought, thinking, reasoning, intuition, value, judgment",,1,amazon.com books,2026-05-30,,,16986069,,,,,$19 (USD),,,,
315059649,Turn The Ship Around!,1,"Marquet, L. David",Author,,,"Penguin Books Ltd (2001), Edition: International Edition, 272 pages",2001,,,,,Turn The Ship Around! by L. David Marquet (2001),Paperback,272 p.; 7.76 inches,0.42549216566 pounds,7.75589 inches,0.66929 inches,5.07873 inches,7.75589 x 5.07873 x 0.66929 inches,272 ,,,,,,,"Leadership, business, management, military, self-help, Navy, submarines, US Navy, decision making, war, strategy, business leadership, teams, Teams in the workplace, lean, agile",Your library,English,English,HD57.7 .M39245,[9780241250945],"[9780241250945, 0241250943]",,658.4,Executive > General management > Management & public relations > Technology,,1,amazon.com books,2026-05-30,,,12926027,,,,,,,,,
315059652,Train to Pakistan,1,"Singh, Khushwant",Author,,,"Grove Press (1994), Edition: Reprint, 192 pages",1994,,,,,Train to Pakistan by Khushwant Singh (1994),Paperback,192 p.; 8.25 inches,0.44974301448 pounds,8.25 inches,0.5 inches,5.5 inches,8.25 x 5.5 x 0.5 inches,192 ,,,,,,,"fiction, India, Pakistan, partition, historical fiction, Indian literature, history, literature, Indian fiction, war, historical, 20th century, Sikh, genocide, postcolonialism, religion",Your library,English,English,PR9499.3 .S53 .T7,[0802132219],"[0802132219, 9780802132215]","Historical Fiction|Historical fiction|India > Fiction|India > Fiction. > Partition, 1947|India > History > Partition, 1947 > Fiction|India > History > Partition, 1947 > Pictorial works|Pakistan > Fiction|Political fiction|Political violence > Fiction|historical fiction",823.914,1900- > 1901-1999 > 1945-1999 > English & Old English literatures > English fiction > Literature & rhetoric,,1,amazon.com books,2026-05-30,,,28885,,,,,$16 (USD),,,,
315059654,"Dark Secrets: Politics, Intrigue and Proxy Wars in Kashmir",1,"Malhotra, Iqbal Chand",Author,,,"Bloomsbury India (2022), Edition: 1, 288 pages",2022,,,,,"Dark Secrets: Politics, Intrigue and Proxy Wars in Kashmir by Iqbal Chand Malhotra (2022)",Ebook,,,,,,,,,,,,,,"politics, political history, history, historical, historical events, History of India, Indian History",Your library,English,,DS436 .M354,,,,,,,1,amazon.com books,2026-05-30,,,27573456,,,,,,,,,
315059656,Einstein in Time and Space: A Life in 99 Particles,1,"Graydon, Samuel",Author,,,"Scribner (2023), 368 pages",2023,,,,,Einstein in Time and Space: A Life in 99 Particles by Samuel Graydon (2023),Hardcover,368 p.; 9 inches,1.15081300764 pounds,9 inches,1.3 inches,6 inches,9 x 6 x 1.3 inches,368 ,,,,,,,"biography, physics, science, Einstein, history, genius, light, black holes, Biographies, relativity, natural science, Hitler, Newton, genies, Gravitation, Planck",Your library,English,English,QC16 .E5 .G7239,[1982185104],"[1982185104, 9781982185107]",,530.092,Biography > Biography And History > Natural sciences & mathematics > Physics > Physics > Physics,,1,amazon.com books,2026-05-30,,,30975225,,,,,$30 (USD),,,,
315059661,My Own Words,1,"Ginsburg, Ruth Bader",Author,"Hartnett, Mary|Williams, Wendy W.",Primary Contributor|Primary Contributor,"Simon & Schuster (2018), Edition: Reprint, 400 pages",2018,,,,,My Own Words by Ruth Bader Ginsburg (2018),Paperback,400 p.; 8.38 inches,0.59965735264 pounds,8.375 inches,1 inch,5.5 inches,8.375 x 5.5 x 1 inches,400 ,,,,,,,"biography, memoir, autobiography, Supreme Court, law, history, politics, women, Ruth Bader Ginsburg, biography-memoir, essays, feminism, U.S. Supreme Court, legall, Ginsberg, Judges, RBG, rbg",Your library,English,English,KF373 .G565 .G56,[1501145258],"[1501145258, 9781501145254]",,347.73,Civil procedure and courts of the United States > Law > North America > Procedure and courts > Social sciences,,1,amazon.com books,2026-05-30,,,18299987,,,,,$18 (USD),,,,
315059665,Mossad: The Greatest Missions of the Israeli Secret Service,1,"Bar-Zohar, Michael",Author,"Mishal, Nissim",Author,"Ecco (2014), Edition: Reprint, 416 pages",2014,,,,,Mossad: The Greatest Missions of the Israeli Secret Service by Michael Bar-Zohar (2014),Paperback,416 p.; 8 inches,2.314853751 pounds,8 inches,0.97 inches,5.31 inches,8 x 5.31 x 0.97 inches,416 ,,,,,,,"Israel, history, espionage, Middle East, Mossad, intelligence, terrorism, military, politics, military history, Holocaust, 20th century, Secret Service, Arab-Israeli conflict, Middle Eastern History, Jewish",Your library,English,English,UB251 .I78 .B375,[0062123416],"[0062123416, 9780062123411]",,327.12,Espionage and subversion > Foreign policy and specific topics in international relations > International Relations > Political science > Social sciences,,1,amazon.com books,2026-05-30,,,13010854,,,,,$17.99 (USD),,,,
315059667,The Silk Roads: A New History of the World,5,"Frankopan, Peter",Author,,,"Vintage (2017), Edition: Reprint, 736 pages",2017,,,,,The Silk Roads: A New History of the World by Peter Frankopan (2017),Paperback,736 p.; 9.2 inches,1.79897205792 pounds,9.2 inches,1.57 inches,6.1 inches,9.2 x 6.1 x 1.57 inches,736 ,,,,,,,"history, world history, Asia, Silk Road, Middle East, China, Central Asia, Asian History, trade, politics, economics, geography, Europe, global history, ancient history",Your library,English,English,D21.3 .F73,[1101912375],"[1101912375, 9781101912379]",,909,History > History & geography > World history,,1,amazon.com books,2026-05-30,,,16349642,,,,,$20 (USD),,,,
315059672,"Imaginable: How to Create a Hopeful Future―in Your Own Life, Your Community, the World",1,"McGonigal, Jane",Author,,,"Spiegel & Grau (2023), 432 pages",2023,,,,,"Imaginable: How to Create a Hopeful Future―in Your Own Life, Your Community, the World by Jane McGonigal (2023)",Paperback,432 p.; 8 inches,1.00089866948 pounds,8 inches,1.25 inches,5.5 inches,8 x 5.5 x 1.25 inches,432 ,,,,,,,"future, psychology, neuroscience, self-help, imagination, strategy, thought experiments, uncertainty, creativity",Your library,English,English,BF441 .M185,[1954118333],"[1954118333, 9781954118331]",,303.49,"Social change > Social forecasts > Social processes > Social sciences > Social sciences, sociology & anthropology",,1,amazon.com books,2026-05-30,,,27573767,,,,,$22 (USD),,,,
315059675,Leaders Eat Last: Why Some Teams Pull Together and Others Don't,1,"Sinek, Simon",Author,,,"Portfolio (2017), Edition: Reprint, 368 pages",2017,,,,,Leaders Eat Last: Why Some Teams Pull Together and Others Don't by Simon Sinek (2017),Paperback,368 p.; 7.98 inches,2.314853751 pounds,7.98 inches,0.78 inches,5.28 inches,7.98 x 5.28 x 0.78 inches,368 ,,,,,,,"Leadership, business, management, self-help, corporate culture, teams, psychology, culture, team building, organizational change, teamwork, personal development, self-improvement, Business & Economics, organizational culture, English",Your library,English,English,HD57.7 .S5487,[1591848016],"[1591848016, 9781591848011]",,658.4,Executive > General management > Management & public relations > Technology,,1,amazon.com books,2026-05-30,,,13791858,,,,,$18 (USD),,,,
